word,citedby_predict
ab,0.0
abdominal,0.0
aberrations,6.053599846272104
abilities,0.0
ability,6.55032798769112
ablation,0.0
abnormal,0.0
abnormalities,0.0
abortion,1.1744074675426388
abscess,0.0
absence,0.0
absolute,0.0
absorption,0.0
abundance,1.7597658598059747
abuse,5.187340613730899
ac,0.0
academic,0.0
acanthamoeba,7.620434035761868
accelerated,0.0
acceptability,2.6058153748892794
acceptable,3.1238261819985227
acceptance,5.4819245793530165
access,0.0
accessibility,0.0
accessory,0.0
accident,0.0
according,0.0
accounting,0.0
accumulation,4.012181615768341
accuracy,6.462754835143365
accurate,2.172820757983553
acemannan,3.194319004387603
acetaldehyde,6.824107769205896
acetate,0.0
acetic,0.0
acetonide,0.0
acetylcholine,2.0763328003753343
acetylcholinesterase,6.136138391023738
achieve,0.0
achievement,0.0
achieving,22.150803340860435
acid,0.0
acidic,0.0
acidilactici,2.233052891783242
acids,0.0
acinetobacter,1.4596761250841777
acne,3.703630268139964
acoustic,0.0
acquired,0.0
acquisition,0.0
acropora,0.0
acrylic,3.142552746826773
acrylonitrile,2.188586992132841
acting,1.8039980781865828
actinobacteria,0.0
actinobacterium,0.0
actinomycete,2.654090240396422
actinomycetes,0.0
action,0.0
activated,7.476201224344018
activates,0.0
activating,5.223513800331385
activation,2.8710072369326016
activator,2.802763318646485
active,8.376959373627075
activities,0.0
activity,4.039437853203163
actual,0.0
actuator,12.20502409650371
acute,1.3853071086195647
adaptation,2.539545297574894
adaptive,0.0
added,0.0
addiction,0.8968361728549854
adding,0.0
addition,0.0
additional,0.8011642416368516
additions,0.0
additive,5.454614948105219
additives,0.0
address,2.4998930522007714
addressing,5.670028438629408
adductor,1.1989609857128987
adenocarcinoma,0.0
adenoma,0.0
adenosine,0.850797056125867
adherence,0.0
adhesion,2.8043414314054784
adhesive,1.070853973872488
adhesives,0.0
adipogenesis,4.273620746188706
adipose,3.568829283600623
adjacent,3.94074746479873
adjunctive,0.0
adjustment,3.514081471666666
adjuvant,0.0
administered,1.069740638197289
administration,0.0
adolescent,0.0
adolescents,0.0
adopt,0.0
adoption,0.0
adrenal,0.0
adsorbent,0.0
adsorbents,0.0
adsorption,0.0
adsorptive,22.74844098838185
adult,1.565199300988352
adults,0.0
advanced,0.06813634932248076
advancement,0.0
advances,3.065717649470729
advantage,14.387718760290033
adversarial,0.0
adverse,0.0
aedes,0.0
aegypti,0.0
aerial,3.310744484055828
aerobic,5.6627919257588815
aerogel,4.91379218540717
aeromonas,7.27899544319366
aerosol,0.0
aeruginosa,104.14431163439879
affect,0.0
affected,0.0
affecting,0.0
affective,21.33842134165778
affects,0.0
affinity,1.4069222769118925
african,11.310260425432391
ag,51.697651242580754
agalactiae,0.0
age,3.6371518952782353
aged,0.0
ageing,0.34952479975754075
agenesis,2.3217304860321955
agent,0.0
agents,0.4035570267744648
aggregate,10.990537109862695
aggregates,0.0
aggregation,0.0
aging,0.0
agreement,3.7370325132870597
agricultural,0.0
agriculture,0.0
agroecology,0.0
aid,5.7850619135569525
aids,0.0
air,0.39179161945195246
airlift,0.0
airline,0.0
airway,0.0
aki,6.678023765476327
akt,5.9351233075999446
al,0.0
alba,4.195385832618904
albicans,7.0999005199493554
albumin,0.0
alcohol,0.0
aldosterone,0.0
algae,25.57027401545905
algal,3.292376080484139
alginate,0.0
algorithm,1.9725157765500068
algorithms,8.551564944043664
alkali,0.0
alkaline,2.384921279585109
alkaloids,0.0
alkyl,1.7215581439232035
allergen,0.0
allergens,1.7560163223256893
allergic,9.03848997926652
allergy,0.0
alleviates,0.0
allocation,0.0
allograft,2.9739523429959847
alloy,0.0
alloying,2.3351134374690123
alloys,0.0
alopecia,11.575970599092146
alpha,0.0
alteration,0.0
alterations,0.0
altered,0.0
alternative,0.0
alternatives,0.40198336678944635
alters,0.0
alu,0.1842129112975683
alumina,0.915648397557777
aluminium,0.0
aluminum,0.0
alveolar,0.0
ambient,0.5893390939207824
ambulatory,0.0
ameliorates,0.0
amelogenesis,0.0
amendment,7.51801311548791
amine,2.0483088110791554
amines,0.0
amino,1.182502699213579
ammonia,0.0
ammonium,0.0
amorphous,0.0
amphotericin,0.0
amplification,0.0
amplifier,0.0
amyloid,4.0271942584743
anaerobic,0.0
anal,0.0
analgesia,10.858449042957178
analgesic,1.0128740139615842
analogue,0.0
analogues,0.7959536246065939
analyses,5.444537918962169
analysis,1.3307159160545596
analytic,0.0020713986690836803
analytical,9.413090826657136
analytics,0.0
analyzing,0.0
anatomic,0.0
anatomical,0.0
anatomy,0.0
anchored,17.36087084098637
andaman,0.0
androgen,2.18815069166004
android,0.0
anemia,0.0
anesthesia,0.0
anesthetic,0.0
angiogenesis,0.0
angiotensin,0.0
angle,0.0
animal,4.018709786031687
animals,0.0
anion,0.0
anionic,0.041886054235483895
anisotropic,14.782302275967018
ankle,0.0
ann,0.0
annealing,3.0528369504399926
annotated,8.395612465060221
annotation,0.0
annual,0.0
annular,0.0
anode,5.380792265273953
anodes,0.0
anodized,0.0
anomalies,3.8132870329246553
anomalous,1.2758903018200467
anomaly,2.5356191427624233
anopheles,0.0
antagonist,0.0
antecedent,0.0
antecedents,0.0
antenatal,1.0837386967095142
antenna,0.0
anterior,0.0
anthocyanin,0.0
antibacterial,5.625728036356056
antibiotic,0.0
antibiotics,0.0
antibodies,16.40426982964852
antibody,12.36663650444392
anticancer,5.091498644305685
anticoagulants,0.0
anticoagulation,0.07961326381444701
antidiabetic,0.0
antifungal,5.366620686285427
antigen,26.295471744917027
antigens,0.0
antimalarial,0.0
antimicrobial,0.0
antioxidant,0.0
antioxidants,0.0
antioxidative,5.267675742438715
antiretroviral,0.0
antiviral,0.0
anxiety,12.701367137274833
aortic,0.2999418571065557
aphanothece,0.0
apical,1.2011045296743401
apis,0.0
apnea,0.8212175923171601
apoptosis,0.0
apoptotic,0.0
app,6.5796077823639925
appearance,0.0
application,0.0
applications,14.661011224993176
applied,0.0
applying,0.0
approach,3.6605088947588005
approaches,0.28358855668707145
appropriate,0.0
approximation,0.0
aquaculture,0.0
aquatic,0.15407650430344066
aqueous,0.0
aquifer,0.0
aquilaria,0.0
arabica,12.195000461547695
arbuscular,0.0
arc,0.0
arch,0.0
architectural,2.1585268874922683
architecture,0.7560103514988793
area,0.0
areas,8.399038258470341
arising,0.0
arm,0.0
army,0.0
aromatic,0.0
array,5.608318643611157
arrest,0.11000835247618156
arrhythmias,0.2649412468490342
arsenic,2.391175055597127
art,0.0
arterial,0.0
arteries,2.2815882758596424
artery,1.1758992800376096
arthritis,0.0
arthroplasty,2.780849675311621
arthroscopic,0.0
arthrospira,0.0
article,0.0
artificial,1.58445314713874
arvensis,3.2888243395847705
ascorbic,11.510422330753876
asean,0.0
ash,10.936618761665935
asia,1.5535763207043125
asian,5.332623309824252
asians,0.0
asiatic,0.0
asiatica,4.478540469438292
asiaticoside,11.272300759723468
aspect,3.4977353984217565
aspects,0.0
aspergillosis,7.827006299485748
aspergillus,0.0
assay,7.039906275300203
assays,0.0
assemblage,0.0
assembly,0.0
assess,0.0
assessed,0.0
assessing,2.837590219800031
assessment,2.1874423540654906
assessments,4.932459547229138
asset,2.570195132892628
assignment,2.9522757586938786
assist,0.0
assistance,0.0
assisted,0.0
assistive,0.0
associated,0.3020863113787001
association,2.135882547520196
associations,5.9597791978571
astaxanthin,0.0
asthma,0.0
asymmetric,0.0
asymptomatic,0.0
athletes,0.0
atmosphere,0.0
atmospheric,0.13161744384009672
atom,1.7344253166153891
atomic,0.0
atomistic,2.5821819766267087
atopic,3.096806771602913
atrazine,0.0
atresia,0.0
atrial,0.0
attachment,0.0
attack,0.0
attempts,9.891092366402754
attending,1.3061380001012934
attention,4.19821663690362
attentional,0.0
attenuated,10.163948165338596
attenuates,4.952907483588869
attenuation,1.356968154284308
attitude,0.0
attitudes,4.630557799052174
attributes,0.0
atypical,3.652570354628813
au,0.0
audit,1.3942296270828738
augmentation,7.824225795420558
augmented,0.0
aureobasidium,3.3366963968285632
aureus,14.385616289369413
australia,0.0
authentic,0.0
authentication,0.0
author,0.0
autism,0.0
autochthonous,5.468923797638206
autoimmune,0.0
autologous,3.5183435872886455
automated,12.348821648486199
automatic,2.4232045330218
automotive,0.9010633334093914
autonomic,0.0
autonomous,0.0
autophagy,24.262435146394953
autosomal,6.04751679175893
availability,0.0
available,6.9102119800320025
avian,0.0
avoidance,0.0
awareness,0.0
axial,5.756721986041387
axis,11.363928292042138
ayutthaya,8.524467238800417
bacillus,0.0
background,0.0
bacteria,10.034950234226894
bacterial,9.338934449285638
bacterium,11.390045498755496
bagasse,5.1324832514943175
balance,0.4326278282953059
balancing,3.3787593950316506
bamboo,2.9289514266505803
banana,0.0
band,0.0
bandon,13.250114917854816
bangkok,0.0
bangladesh,0.0
barcoding,0.0
bariatric,0.5425852678039834
barium,0.0
bark,0.0
barrier,0.0
barriers,0.0
bars,0.0
basal,0.0
base,2.231859079327525
based,0.0
baseline,0.0
basic,4.748442586414845
basil,2.448330564432074
basin,0.0
basis,0.0
bat,0.0
batch,0.0
bats,0.0
batteries,33.50405322451804
battery,3.0776240973258755
baumannii,7.354265613692449
bay,0.0
bayesian,3.0497493710528985
beach,0.0
beaches,0.0
bead,0.0
beads,0.0
beam,0.0
beams,0.0
bean,0.0
bearing,7.658193524385136
bed,0.0
bee,0.8759496025055098
behavior,0.0
behavioral,0.0
behaviors,4.098257709076103
behaviour,11.143667863430581
behaviours,0.0
beijerinckii,2.176420209379867
beliefs,0.0
belt,0.0
bending,0.0
beneficial,0.0
benefit,0.0
benefits,0.0
bengal,0.0
benign,1.8978795225649778
benthamiana,10.368265807570001
best,0.0
beta,0.0
better,0.0
beverage,0.0
beverages,1.4956857095585665
bias,2.465003633762411
bibenzyl,4.029435497927502
bibliometric,0.0
bicarbonate,1.4881560672200143
bidding,43.97915646526427
bidirectional,0.0
bifunctional,14.547002427511146
big,0.0
bilateral,0.0
bile,0.0
biliary,0.3155969902969582
bimetallic,13.245367827540692
binary,1.565964219812063
binder,0.0
binding,2.1505985576530295
bioaccumulation,2.6644090416698347
bioactive,0.0
bioactivity,0.0
bioaugmentation,2.887267698645471
bioavailability,12.126822703957455
biochar,9.471155725217741
biochemical,0.0
biocompatibility,0.29610926499115686
biocompatible,0.0
biocomposite,41.547456732997766
biocomposites,1.632213334098343
biocontrol,0.0
biodegradability,7.68446242457256
biodegradable,0.0
biodegradation,2.8864516891299163
biodiesel,10.134783817683122
biodiversity,0.0
bioeconomy,0.0
bioenergy,0.0
bioethanol,13.921171820862684
biofilm,0.0
biofilms,0.0
biofuel,4.490695410430646
biofuels,0.0
biogas,0.0
biohydrogen,3.937081366620095
biological,2.0213645378924694
biologics,11.039576770846898
biology,3.4685132760925548
biomarker,0.0
biomarkers,8.375673811256569
biomass,7.795741630783866
biomechanical,2.8179897591714242
biomedical,5.022892502607431
biopolymer,11.212418498781268
bioprinting,15.424703906715566
biopsy,0.35605920538872193
bioreactor,5.6707785015321095
bioreactors,0.0
biorefinery,0.0
biosensor,50.51442682418167
biosensors,0.0
biosorption,0.0
biosurfactant,0.0
biosynthesis,0.0
biosynthetic,0.0
biotechnology,7.62373637444134
biphasic,0.6989608528162321
bipolar,40.728375059852844
birth,1.912974720593469
bismuth,7.478525660136061
bisphenol,9.974419156779927
bite,0.0
black,3.1442286721907
bladder,0.0
bleached,1.0067145613201438
bleaching,0.7042027359137046
bleeding,0.0
blend,4.322876066945238
blended,0.0
blending,15.669988497751126
blends,1.6135418850082848
blind,0.0
block,1.4485969634046996
blockade,0.0
blockchain,69.15101643351807
blocking,0.0
blocks,0.0
blood,0.0
blue,5.476457424804418
boar,0.0
board,4.113028889189218
boards,0.5140709990653041
body,0.0
bond,0.0
bonded,0.4174860031109433
bonding,3.0821800797743695
bone,3.906216714878126
boost,0.0
booster,0.0
boosting,0.0
border,1.4439221835067344
boron,0.0
botulinum,0.5206092660836694
bound,8.44419132380895
boundary,0.0
bounds,0.0
bovine,0.0
bowel,31.060297943353827
box,0.0
boy,0.7354301367493067
bpmn,0.0
brachysoma,0.0
braconid,4.1921555487225595
brain,0.0
brake,0.0
bran,0.14943979244643013
branch,0.0
brand,0.0
breakdown,0.0
breaking,0.0
breast,0.0
breastfeeding,0.0
breath,1.0860562468535624
breathing,1.8696114475408288
brick,0.0
bricks,0.0
bridge,0.0
brief,15.878093786239633
brine,0.7753721060882071
broiler,0.0
broilers,2.735037074207046
broken,0.0
broodstock,3.710287491794722
brugada,0.0
bubble,0.0
buckling,0.0
buddhist,0.0
budget,0.7524837878076696
buffalo,0.0
building,0.0
buildings,19.475586315151954
built,0.0
bunch,0.0
bundles,0.0
burden,28.042087219459415
buri,0.0
buriram,0.0
burn,0.0
burning,1.9094971805178547
bus,0.0
business,37.20335493779745
businesses,0.0
butanol,0.0
bypass,0.0
cadaveric,0.0
cadmium,4.8692203436940815
caenorhabditis,7.075617981594557
cage,0.0
calcarifer,0.0
calcination,0.0
calcined,13.36968633403367
calcium,0.0
calculation,0.0
calculations,0.0
cambodia,5.161898779233095
camera,0.0
campylobacter,0.0
canal,5.565618242908777
cancer,3.260966381935643
cancers,8.187613147902027
candida,5.315760290986775
candidate,0.0
candollei,2.7086461985889914
canine,0.0
cannabidiol,4.152941974738532
cannabis,0.0
cao,4.351583556527697
capabilities,0.0
capability,6.692789317963521
capacity,5.724000884967226
capillary,0.0
capital,0.0
capsule,10.262044853348524
captive,0.0
capture,7.451237232649592
capturing,0.0
car,8.541276024019792
carbide,3.355406048458583
carbohydrate,5.650141589839078
carbon,0.0
carbonate,4.206260366183613
carbonization,17.558484319776827
carbonized,0.0
carboxymethyl,2.901403864661795
carcass,0.0
carcinoma,1.0783529298761534
cardiac,0.0
cardiomyopathy,0.0
cardiovascular,20.102899941215014
care,0.0
caregivers,0.0
caries,2.665215133098213
carlo,0.0
carotenoid,0.0
carotenoids,4.649822632330165
carotid,0.0
carrier,2.6425286377945945
carriers,2.2724082137535815
carrying,0.0
cartilage,0.7820150771021204
cascade,4.714559010390996
case,0.0
cases,3.2854076229739215
cassava,3.5642522503183525
cast,0.0
casting,0.0
cat,0.6397108537530263
catabolite,0.0
catalysis,7.23084199652961
catalyst,0.0
catalysts,1.3321540002114394
catalytic,0.08344542562163046
catalyzed,0.0
catfish,0.0
catheter,0.0
cathode,0.0
cation,0.0
cationic,0.0
cats,1.6311753665793682
cattle,0.0
causal,1.0354679773412592
cause,0.4502776419562311
caused,0.2668070420981518
causes,1.7277437712775858
causing,0.0
cavity,0.0
cbct,0.0
cd,5.619096576244311
cecal,0.0
ceftriaxone,5.464651601043236
cell,0.0
cells,0.0
cellular,0.0
cellulose,8.121193077709371
cement,4.342943166167888
cementitious,4.871235383506373
cements,0.0
centella,4.8336788973335
center,0.0
centers,1.4619164842853454
central,0.0
centralized,4.086830367446911
century,0.0
cephalometric,2.304649532805439
ceramic,0.0
ceramics,0.0
cerebral,0.0
cereus,1.5929220277238458
cerevisiae,0.3234181750344023
ceria,12.422967268624054
cerium,8.561227615553266
ceropegia,0.0
certification,0.0
cervical,1.00502926740846
cesarean,1.8228191897708244
cesium,0.0
cessation,0.0
cfd,3.584600887804153
chain,0.0
chains,0.0
chair,0.0
chalcone,5.917335702177734
chalcones,0.0
challenge,0.0
challenged,0.0
challenges,30.021463520942433
chamber,0.0
change,0.0
changes,0.0
changing,0.10952006913189027
channel,3.6870085241166604
channels,0.0
chao,0.0
chapter,0.0
characterisation,0.0
characteristic,0.0
characteristics,4.781990784185633
characterization,0.0
characterizations,3.7881311628194396
characterizing,11.738154578946421
charcoal,0.49640812430741804
charge,0.0
charged,0.0
charging,0.0
chebyshev,0.0
checking,0.0
checklist,5.9140418740496905
checkpoint,0.0
chelation,9.844479443331092
chemical,0.0
chemicals,0.9330958625290389
chemistry,0.0
chemometrics,4.253421966909849
chemosensor,0.0
chemotherapeutic,0.0
chemotherapy,0.06439963964868342
chest,4.096446279451135
chi,0.0
chiang,0.0
chicken,2.042614952094196
chickens,0.0
chikungunya,5.305259479059115
child,1.606103924276935
childhood,0.0
children,0.0
chilled,16.831574471547526
chimeric,0.0
china,0.0
chinensis,0.0
chinese,0.0
chiral,0.0
chitin,0.0
chitosan,0.0
chlorella,6.920574197281424
chlorhexidine,0.0
chloride,0.0
chlorococcum,0.0
chlorogenic,3.4661789509387915
choice,0.0
cholangiocarcinoma,0.0
cholesterol,0.0
cholinesterase,0.0
choroidal,1.3376417279264072
chromatographic,0.0
chromatography,0.0
chromium,0.0
chromosome,0.0
chronic,5.679154138390946
chronological,0.0
chula,0.0
chulalongkorn,0.0
cigarette,0.0
cinnamon,42.359313654438765
circovirus,22.532519778376933
circuit,0.0
circular,3.747939765616707
circulating,0.0
circulation,0.0
cirrhosis,0.0
cities,5.150769798279996
citizens,0.0
citrate,1.5328497651553348
citrus,0.0
city,0.0
civil,0.0
class,0.0
classes,0.0
classical,0.0
classification,0.0
classifier,1.0056377843883744
classifying,0.0
classroom,0.9099034446495283
clay,0.0
clays,4.9802650516343965
clean,2.865101964533303
cleaning,0.0
clear,0.0
clearance,0.0
cleft,0.0
cleistocalyx,0.892119829328438
clerodendrum,0.0
climate,4.8213894379067375
clinic,0.0
clinical,2.9581305267663986
clinically,0.0
clinics,1.4763203907439646
clitoria,3.528401775878862
cloning,0.0
closed,0.0
clostridium,4.078412640290212
closure,0.0
cloud,2.0153698323058884
cluster,1.2900293903412972
clustering,0.0
clusters,3.129358923851878
cms,0.0
cnc,0.0
cnn,0.8964691576684002
cns,0.0
coagulation,0.0
coal,0.0
coast,1.2063165145518953
coastal,0.0
coated,0.0
coating,0.0
coatings,1.6821999832766183
cobalt,0.0
cobra,0.0
cocktail,11.536704197456862
coconut,0.0
code,0.0
codes,0.0
coding,0.0
coefficient,0.7907271670290348
coexistence,0.0
coexisting,17.194137471638896
coffee,0.0
cognition,0.0
cognitive,4.2549912058209935
coherence,0.0
cohesive,0.0
cohort,5.665598021905947
coils,0.0
coinfection,0.0
coir,0.0
coke,0.0
cold,2.9921825418132046
coli,0.0
colistin,0.9301083468770572
colitis,7.152452169665413
collaboration,0.0
collaborative,4.401500082662181
collagen,0.0
collected,0.0
collection,0.0
collective,0.0
college,0.29236141339427973
collision,3.927267639254278
collisions,8.418581713318623
colloidal,6.917464956726267
colon,0.0
colonic,0.0
colonization,9.440697157192043
colonoscopy,0.5128106076968266
colony,0.0
color,3.713111426155387
colorectal,0.0
colored,0.0
colorimetric,10.218650703306718
colostrum,0.0
colour,2.441097826142139
coloured,0.0
column,0.0
columnare,0.0
columns,0.0
combination,1.7185284645551948
combined,0.0
combining,0.0
combustion,15.496673464493416
comfort,4.259840748963954
comment,0.0
comments,5.670435215369333
commercial,0.0
commercially,0.0
commitment,0.0
common,3.3865224466311146
communication,0.0
communications,0.0
communities,8.467442019200568
community,0.0
commutative,0.0
comorbidities,0.0
compact,0.0
companies,4.592153244710099
company,0.0
comparable,9.707242054186771
comparative,0.0
compared,6.052249684834684
comparing,0.0
comparison,0.0
comparisons,0.0
compatibility,0.0
compatibilizer,0.0
compensation,0.0
compensatory,39.70474068683253
competence,1.5926874169155625
competencies,5.338160259679875
competency,0.0
competition,0.0
competitive,5.031251161232109
complementary,0.0
complete,0.0
completion,0.0
complex,2.3221018214850675
complexation,0.0
complexes,0.0
complexity,0.0
compliance,0.0
complicated,1.954391694867597
complication,0.5834717316336266
complications,6.080478792138301
component,0.9717954408739011
components,1.8963087810233072
composite,0.0
composites,0.0
composition,13.575981898042018
compositions,0.0
compound,0.0
compounds,0.529770595792318
comprehension,0.0
comprehensive,0.0
compressed,0.0
compression,4.619203256836015
compressive,1.3186230743721408
computation,0.0
computational,1.257685193919924
computed,0.0
computer,0.0
computerized,0.0
computing,0.0
concentrate,0.9151995657599372
concentrated,0.0
concentration,0.0
concentrations,2.652110551464192
concept,0.0
concepts,0.0
conceptual,0.0
concern,1.7746556774584143
concerns,0.0
concomitant,2.807727550818872
concrete,13.006448369740358
concurrent,1.9694476879570775
condition,0.0
conditional,0.0
conditioner,0.0
conditions,9.337010406150268
conducting,0.0
conductive,0.9455369936846976
conductivity,0.0
cone,11.54655359063691
conference,0.0
confidence,0.0
configuration,16.87214616206754
configurations,4.243032076033908
confined,1.1208809144992151
confinement,6.398662978658199
confirmatory,0.0
confirmed,0.0
conflict,2.7664498325026665
congenital,0.0
conjugate,0.0
conjugated,4.513775063415042
connected,1.2397464880952542
connections,0.6177740642333536
connectivity,6.958170283208329
consensus,38.94186497190649
consequence,0.3492956026268233
consequences,0.0
conservation,0.0
conserved,0.0
consideration,0.0
considerations,1.3600874328735044
considering,0.0
consortium,14.294607020746788
constant,0.0
constituents,0.0
constitutional,1.7052494690679254
constrained,0.0
constraints,0.0
construct,0.0
constructed,0.0
constructing,4.775321652616388
construction,4.671683084848786
consumer,8.083674735232806
consumers,0.0
consumption,5.673618646567959
contact,0.0
containing,0.0
contaminated,0.0
contamination,0.4962543581179516
contemporary,0.0
content,0.0
contents,0.0
context,32.12905368878315
contextual,0.0
continuance,4.2434530253584635
continuity,0.0
continuous,0.0
contraceptive,0.0
contract,0.0
contribute,9.94927088105847
contributes,0.0
contributing,4.079248404015432
contribution,2.205497872060482
control,1.0168380120262586
controllable,4.88326812472143
controlled,0.0
controller,0.0
controlling,2.701530979190027
controls,2.8210447002018584
convenience,1.0001268071623801
conventional,3.9012010249031763
convergence,0.0
conversion,3.674665524731387
converters,0.0
converting,1.6064660019924872
convex,0.0
convolution,0.719365104799957
convolutional,0.0
cooking,12.167541300950568
cooling,0.0
cooperation,0.0
cooperative,0.0
coordination,2.761186151880313
coping,0.0
copolymer,0.0
copolymerization,0.0
copolymers,1.742229632817672
copper,0.0
coral,0.0
corals,1.9784632444448258
core,4.179711964795118
corn,0.0
corneal,0.0
corona,0.0
coronary,0.0
coronavac,2.5600595542370197
coronavirus,55.57846432379742
corporate,7.4203000525461
corpus,0.0
correction,0.0
correlated,0.0
correlates,7.259361902970536
correlation,0.0
correlations,0.0
corridor,2.2286747483072866
corrigendum,0.0
corrosion,0.0
cors,1.3218300348381828
cortex,19.089320059642546
cortical,0.0
corticosteroid,9.97634632603638
cortisol,5.639895466776364
cosmetic,0.0
cost,0.0
costs,2.0476020860342232
cotton,0.0
count,0.0
counting,0.0
countries,8.431405097134345
country,0.0
couple,2.810090398541817
coupled,5.144791668741208
coupling,0.7334540439029138
course,0.7885147860582771
cover,0.0
coverage,0.0
covid,0.0
cows,1.2158520141809968
crab,1.9449048355206464
crack,9.366474937890148
cracked,0.0
cracking,4.535943085242101
cracks,0.0
craniofacial,0.0
cream,0.0
creating,0.0
creation,2.298089304807259
creative,0.0
crisis,0.0
criteria,0.0
criterion,17.50305378372593
critical,9.037357278640012
critically,2.9888278944825464
crocodiles,0.12907380115138406
crop,2.8258200678729755
cross,0.0
crossbred,0.0
crosslinked,5.6001960919460085
crosslinking,0.0
crossover,1.7025536055055706
crucial,0.0
cruciate,0.0
crude,7.306845937601925
cryopreservation,0.5289506884223402
cryptic,0.2505176989264127
crystal,0.0
crystalline,1.4353153032684438
crystallization,7.863857951590189
csr,0.0
ct,17.610572281878646
cu,0.0
cubic,0.0
culex,6.336646804699286
culicoides,4.182447346718295
cultivars,0.0
cultivated,3.414198190279203
cultivation,6.763100859678389
culturable,15.04200621332831
cultural,0.0
culture,0.0
cultured,0.0
cultures,2.2019943462855873
cuo,0.0
curcuma,1.2308383765968844
curcumin,18.722633981432512
cure,0.0
curing,0.0
current,21.984812973783722
curve,0.0
curved,0.0
curves,0.0
customer,0.0
cutaneous,3.4548651808388215
cutting,0.0
cyanide,0.956268019164415
cyanobacteria,0.0
cyanobacterial,0.0
cyanobacterium,0.041660540257631176
cyber,0.0
cycle,5.100871542862482
cycles,0.0
cyclic,0.3931699816445834
cycling,8.627258461522246
cyclodextrin,3.9923369614103543
cylindrical,0.0
cynomolgus,0.0
cystic,0.0
cysts,0.0
cytochrome,0.0
cytokine,9.012883684622032
cytokines,2.498768093892855
cytomegalovirus,0.0
cytotoxic,0.0
cytotoxicity,3.4250755099804358
daily,6.8613021758849015
dairy,0.0
damage,0.0
dance,0.0
dark,0.0
data,0.0
database,1.3629899063890922
dataset,0.05039564490005203
datasets,3.3092162696912992
dating,1.178583047526244
days,1.1870465994388115
dc,2.3757236487712365
deactivation,0.0
death,0.0
decades,0.0
deciphering,0.0
decision,0.0
decisions,3.0882146328407583
decline,1.1237316151929537
decomposition,0.0
decompression,0.0
decontamination,6.428890663940097
decorated,0.0
decrease,3.090333007312394
decreased,0.0
decreases,0.0
deep,8.581180962686558
defatted,0.9296043920081171
defect,6.7501210620397645
defective,0.0
defects,0.0
defense,12.988882239378258
defenses,14.846506090942
deficiency,0.0
deficient,6.067433436586871
deficit,0.0
deficits,0.0
defined,0.0
defining,3.494551528296527
deformation,0.0
degeneration,2.300830182689591
degenerative,0.0
degradation,44.50651026671478
degraded,0.0
degree,0.0
dehydration,13.83283311601191
dehydrogenase,0.897273244085631
dehydrogenation,0.05205338820798311
del,5.018361374024839
delay,0.0
delayed,0.0
delirium,0.0
delivering,12.457681122015854
delivery,8.77613336852755
delta,4.014423647121578
demand,9.642548239832793
dementia,4.062380900220793
democratic,0.0
demographic,0.6507503870470898
demonstrates,2.256151832400245
dendrite,0.0
dendritic,1.256052868173405
dendrobium,0.0
dengue,3.3447503404611663
dense,0.0
density,0.0
dental,0.6300877097408132
dentin,2.2188833546626694
dentists,0.6484626228151507
denture,5.471114855680709
deoxygenation,0.0
department,0.0
dependence,0.44033113828466075
dependent,0.0
deposited,0.0
deposition,14.78173630733226
deposits,0.0
depression,10.84976251132214
depressive,0.0
deproteinized,0.0
depth,0.0
der,0.0
derivative,0.0
derivatives,0.0
derived,2.668050324082616
dermal,4.8526052672305955
dermatitis,0.0
description,0.0
descriptions,0.0
descriptive,0.0
design,0.0
designed,0.0
designing,2.459121923697262
designs,1.204427674931477
desorption,0.0
destination,0.0
desulfurization,0.0
detachment,0.0
detect,2.590941927588141
detected,4.145680640396829
detecting,6.8190183971561
detection,7.679633004939979
detector,0.0
determinant,0.0
determinants,1.473123926184832
determination,6.162043187331356
determine,0.0
determined,6.052912056380512
determining,0.0
detoxification,0.0
develop,0.0
developed,4.274137914088811
developing,0.0
development,0.0
developmental,0.6960293977884054
developments,10.380093087927875
deviation,0.0
device,5.840904258873118
devices,0.0
dexamethasone,1.1381386521044508
dextran,11.421504628939
dft,0.5097817259443123
diabetes,7.043585119406676
diabetic,0.022140198592812278
diagnose,1.221090781432377
diagnosed,0.0
diagnosing,47.90596002133278
diagnosis,4.191934458838804
diagnostic,3.244200965604289
diagnostics,0.0
diagram,0.0
dialysis,0.05336802377965541
diameter,0.0
diamine,0.0
diamond,4.609669560050054
diarrhea,0.0
diclofenac,46.13446824229232
did,0.0
dielectric,0.0
diesel,0.0
diet,0.0
dietary,3.1581928956883116
diethyl,0.6857297017769894
difference,4.654004032911327
differences,16.1404975995875
different,2.9987692227502043
differential,0.0
differentiate,0.0
differentiation,1.4699618916628228
difficult,0.0
diffuse,12.361584847348402
diffusion,0.0
digestibility,0.8460068639015984
digestion,6.606984282467238
digestive,0.0
digital,0.0
dimensional,0.0
dimensions,0.29329244478817923
dimer,0.0
dimers,0.4120674595901399
dimethyl,5.6065440072106405
dioxide,8.62139600909891
direct,0.7519004376041482
directed,0.0
directions,0.0
directors,3.3181060480955433
disabilities,0.0
disability,0.0
disaster,6.326143259272679
disc,0.0
discharge,12.056307276129829
discourse,0.0
discovery,0.0
discrete,0.0
discrimination,0.0
discussion,0.0
disease,0.0
diseased,2.180457588719235
diseases,9.800245321583382
disilicate,0.0
disk,0.0
dismantling,0.0
disorder,5.523280269936437
disorders,0.0
dispersed,5.931947801640725
dispersion,1.190274584497963
displacement,0.0
display,1.125619006751641
disposable,0.0
disrupted,1.5028863607325131
disruption,0.0
dissection,0.0
disseminated,0.0
dissociation,3.018898752281569
dissolution,3.3567528071729145
dissolved,0.02193340860652028
distal,0.5537276555631835
distance,0.0
distillate,0.0
distillation,0.0
distinct,3.78604851449572
distress,0.34302953618615506
distributed,3.2734177689889172
distribution,0.0
distributions,0.7278095636871246
district,0.0
diverse,2.6404882041092406
diversity,0.0
division,0.0
dna,12.605546691181164
docking,0.0
does,0.0
dog,0.0
dogs,0.0
domain,0.0
domains,0.0
domestic,4.7505814580199335
dominant,0.0
donor,0.0
donors,0.6086244108767443
doped,0.0
doping,0.2414143031272195
doppler,1.4936229187571914
dosage,0.0
dose,0.0
doses,0.4447000113063573
dosimetric,0.0
dosing,0.0
dots,6.280237114699449
double,0.0
downregulation,0.0
downside,10.004775491682066
downstream,1.433785086745969
draft,0.0
drainage,1.1377102378943444
dressing,13.15332745815469
dressings,0.0
dried,0.0
drift,2.4124918516654814
drinking,0.0
drive,0.0
driven,14.746328991921796
driver,10.28796491985983
drivers,0.0
drives,3.070851378530416
driving,0.0
drop,0.14388188110776393
droplet,28.430510204387755
drops,0.0
drought,11.098668318060184
drug,2.9233095440234265
drugs,4.4842708161708345
dry,10.40896233445574
drying,8.986619441827763
dual,0.0
duck,0.6300351382559913
duct,0.6510665189310351
ductal,0.0
durability,3.147362162736954
durable,11.669120124959248
duration,3.7585517700945603
durian,0.0
dust,8.561232426977833
dye,0.0
dyes,0.0
dynamic,0.0
dynamics,1.9367710831428062
dysbiosis,0.0
dysfunction,0.0
dysplasia,0.0
ear,1.4652929778061128
early,1.1060776309187235
earnings,0.0
earth,0.0
earthquake,5.893793142385848
earthworm,0.0
east,0.0
eastern,0.0
eating,0.0
ecg,0.0
ecological,24.821037434535647
ecology,1.0313700575190436
economic,0.0
economy,4.337874113854276
ecosystem,0.0
edge,6.401412194360471
edible,0.9669651413603201
editing,0.0
editorial,0.0
edta,0.0
education,0.0
educational,4.3107234140641975
eeg,28.964052513204745
efavirenz,0.0
effect,0.0
effective,0.0
effectiveness,0.0
effects,0.0
efficacy,0.0
efficiency,1.1986263304260265
efficient,5.242382947807925
efficiently,0.0
effluent,0.0
efl,0.0
egfr,1.5988753788302474
egg,0.0
eggs,2.199634580386461
eggshell,0.0
el,2.2358173252256974
elastic,0.0
elastography,0.0
elderly,0.0
elections,7.723069083570504
elective,0.0
electric,14.831489715412793
electrical,0.0
electrically,0.0
electricity,6.743678045262381
electrocatalyst,0.0
electrocatalysts,7.361869181367804
electrocatalytic,23.725827686476595
electrochemical,15.571726364788931
electrode,10.090884172120838
electrodeposited,0.0
electrodeposition,0.0
electrodes,0.0
electrolysis,1.0766100665902927
electrolyte,13.876673643095463
electrolytes,0.7467964814328992
electromechanical,0.0
electromembrane,10.843329919230724
electron,0.005851447813518602
electronic,0.0
electrospinning,1.6703713332454129
electrospun,3.586303419954371
electrostatic,0.0
elegans,7.383509552817583
element,6.779715098910783
elemental,9.307832543739758
elements,0.0
elephant,0.0
elevated,0.0
elevation,0.0
elicits,0.0
elimination,1.15817254783418
elisa,0.0
elite,0.0
elucidating,5.8230298179274556
elucidation,0.6532242377359322
embedded,1.369221361715834
embeddedness,3.4320673595950626
embedding,0.0
embryos,0.0
emergence,9.314824285610596
emergency,0.0
emerging,25.56459340754668
emission,0.0
emissions,0.0
emotion,8.643825232998756
emotional,0.0
emphasis,0.0
empirical,0.0
employee,0.0
employees,0.0
emulsion,0.0
emulsions,0.0
en,0.0
enabled,2.242229963745425
enables,0.0
enabling,13.454499554837003
enamel,0.0
encapsulated,0.0
encapsulation,0.34720132987252234
encephalitis,1.3342022219241194
encephalopathy,0.0
encoding,0.0
end,0.0
endangered,0.0
endemic,0.0
endocrine,5.042092415289789
endogenous,0.0
endometrial,2.5773848679453266
endophytic,0.0
endoplasmic,4.103529808897506
endoscopic,0.0
endoscopy,0.0
endothelial,0.5978982622028581
endotoxin,14.257656570452681
endurance,0.0
energy,0.0
engagement,0.0
engine,13.42996935311747
engineered,0.0
engineering,1.348473158398844
english,0.0
enhance,0.0
enhanced,0.0
enhancement,0.0
enhances,0.1897140261479959
enhancing,0.0
enriched,10.03810592379106
enrichment,1.4427259817882652
ensemble,0.2561597653701661
enterica,0.0
enterococcus,0.0
enterocytozoon,0.0
enterovirus,14.935575063252355
enterprises,0.0
entrepreneurial,0.0
entrepreneurship,0.2076340169828385
environment,3.270414032714506
environmental,5.649174545853657
environmentally,0.0
environments,0.0
enzymatic,2.491992328930276
enzyme,0.0
enzymes,0.0
epidemic,146.28151555937166
epidemiological,3.8665597104194442
epidemiology,1.6091721576999218
epidermal,0.0
epigenetic,1.6085863735670176
epilepsy,5.184167195908508
epileptic,26.86172731864574
episode,4.053197721602261
episodic,0.6580938975986681
epitaxy,0.0
epithelial,6.572022041736797
epoxidation,0.0
epoxidized,0.0
epoxy,0.7275182302470121
equation,0.0
equations,0.787647324211184
equilibrium,15.188440133044473
equipment,0.0
equity,1.1925865055887108
era,0.0
erosion,0.0
error,0.0
errors,0.0
erythematosus,0.0
escherichia,0.0
esg,3.3394407901049115
esophageal,0.0
essential,8.578977144697078
establishing,4.949511376330758
establishment,0.0
ester,0.0
esterification,9.383106184837558
esters,0.0
estimated,2.5892374291946174
estimating,0.0
estimation,0.0
estrogen,0.0
estuarine,0.0
et,0.0
etching,0.0
ethanol,1.3993991943953004
ethanolic,0.0
ether,0.0
ethical,0.0
ethics,0.11889149018650429
ethnic,0.0
ethyl,0.0
ethylene,1.5102157214438778
eucalyptus,3.444313053926655
european,0.0
evacuation,0.0
evaluate,0.0
evaluating,0.0
evaluation,0.0
evaluations,0.0
event,2.3949787194190724
events,0.0
evidence,0.0
evolution,9.378621979615616
evolutionary,4.186665023042665
ex,0.0
examination,0.0
examining,0.0
example,0.0
excavation,10.981001185352723
excavations,7.862888898235806
exchange,0.0
exchanger,0.0
excision,0.0
excited,0.0
executive,9.857196524329233
exercise,0.0
exercises,0.0
exergy,0.5000112623669042
exerts,0.6804357905530943
exfoliated,0.0
exhibits,0.0
existence,0.0
existing,0.0
exogenous,0.0
exome,0.10843995663875317
expanded,1.562473401454313
expanding,0.5337299366817406
expansion,1.3764025823856083
expectation,0.0
expectations,0.07635609867044728
expenditure,25.494860329531473
experience,0.0
experiences,0.0
experiment,0.0
experimental,0.0
experiments,0.0
expert,0.0
experts,4.047744130891989
explainable,2.5806338572062737
exploiting,0.0
exploration,0.0
exploratory,0.0
exploring,0.0
exponential,5.518977097357559
exposed,0.9514948141338295
exposure,0.4193110981030408
expressing,0.0
expression,0.0
expressions,0.0
extended,3.0182907194199187
extending,7.900649649276729
extension,5.2361878225966
extensive,0.0
external,0.0
extracellular,6.372861524951264
extracorporeal,0.0
extract,0.0
extracted,6.564911857614956
extracting,0.0
extraction,0.0
extracts,0.0
extreme,3.1708415573837505
extremity,0.4017403075779777
extrusion,0.0
eye,0.0
eyelid,0.0
eyes,0.0
fabric,18.061270745281213
fabricated,0.6234552916214714
fabrication,0.0
face,7.65092672779246
facebook,0.0
facet,0.0
facial,0.0
facile,0.0
facilitates,0.6129311911296624
facilitating,1.745254413812401
facilities,2.16031914715034
facility,4.182273534260956
factor,0.0
factorial,0.0
factors,0.0
factory,1.1035082979849633
faecalis,0.0
failed,0.0
failure,0.0
falciparum,0.0
fall,0.0
falls,2.4689914482083974
false,0.0
families,1.0972820575996354
family,3.941720123900877
fang,0.0
far,0.0
farm,5.900338291918944
farmed,1.9547151268825298
farmers,0.0
farming,0.0
farms,0.0
farrowing,1.4865801260319262
fascicularis,0.0
fast,0.06062909534255892
fasting,10.156102331521378
fat,0.0
fatal,0.0
fate,19.37429494975322
fatigue,2.0020876125337135
fattening,0.0
fatty,4.5819993617190535
fault,0.0
fe,0.0
fear,11.77170211832693
feasibility,2.627758820536223
feature,7.003219378253065
features,0.0
febrile,1.2885957769043814
fecal,0.0
feces,0.0
fed,3.756675785226207
feed,0.0
feedback,0.0
feeding,0.0
feedstock,22.62651676531744
feedstocks,0.0
feline,0.0
female,0.0
femoral,0.0
fermentation,0.0
fermentative,0.0
fermented,0.0
fertilizer,0.0
fetal,0.0
fever,6.132656993725126
fiber,6.123582177322581
fibers,0.4950899461324598
fibre,8.433086414767883
fibrillation,7.092954471765252
fibrin,0.0
fibroblast,0.0
fibroblasts,5.063252315506296
fibroin,0.0
fibrosis,5.092516299920129
fibrous,1.3567226866249633
field,0.0
fields,0.0
filled,0.0
filler,0.0
fillers,1.9952480025308679
film,10.744431435743815
films,0.0
filter,0.0
filtering,3.880542932055318
filtration,0.0
final,0.0
financial,0.0
finding,0.0
findings,0.0
fine,0.7393514738124063
finger,0.0
finite,0.0
firm,0.0
firms,0.0
fish,34.05185146821062
fistula,0.0
fitness,0.0
fixation,3.73958600823149
fixed,2.2277941758029134
flame,0.0
flap,1.4022727830191133
flavobacterium,0.0
flavonoids,2.212729573355452
flexibility,1.8372819702553052
flexible,1.3033329319726976
flexural,0.0
flies,0.0
flipped,0.7165052046485273
floating,0.0
flood,0.0
flooding,5.469079278863806
floor,0.22261689096613016
flour,0.0
flow,3.2963144474203703
flower,0.4197169663645405
flows,3.905944006241367
flue,0.0
fluid,0.0
fluidized,1.0722403553221838
fluorescence,3.280544127173397
fluorescent,2.2323619730636595
fluoride,0.0
fluorometric,8.355153357971547
flux,0.0
fly,10.498901331439306
foam,2.337772539536988
foams,0.0
focal,0.0
focus,0.0
fold,2.010716738407049
follicular,6.155204444268772
followed,0.6146494473317264
following,0.0
food,6.373163381837135
foods,0.0
foot,0.6484461076699042
football,0.0
foramen,7.803567057063306
force,0.0
forces,0.0
forecast,2.4361581107834773
forecasting,0.0
foreign,1.470198504873408
forensic,2.8870185778883295
forest,0.0
form,0.0
formal,0.0
formaldehyde,0.0
formation,0.0
formic,0.0
forming,0.0
forms,0.0
formula,0.0
formulas,0.9711569535014164
formulation,0.0
formulations,0.0
forward,0.0
fosfomycin,5.797128925705871
fostering,0.0
fouling,1.2931187573993521
foundation,7.03121601308885
foundations,1.902652541643718
fraction,8.629565178392445
fractional,0.20740006601125852
fractionation,5.006262878292713
fractions,0.0
fracture,0.0
fragment,0.0
frame,3.8833947288066484
framework,1.3914788103692255
frameworks,28.165991253229205
free,0.0
freezing,0.0
frequency,0.0
fresh,0.0
freshwater,0.29148123203551085
friendly,0.0
frontal,0.0
frozen,0.0
frp,1.704042777478319
fructooligosaccharides,7.286948604166528
fructose,0.0
fruit,11.873752520066894
fruits,0.0
fuel,14.13278067817834
fuels,0.0
fully,7.8383714555260715
function,0.0
functional,0.0
functionality,7.269050248049847
functionalization,9.64698715056768
functionalized,0.0
functions,0.0
fundamental,0.6039246808102807
fungal,2.6017268219241854
fungi,0.0
fungus,0.0
furfural,0.0
furfuryl,5.123855020833787
fused,12.939278887380278
fusion,0.59073143900481
future,0.0
fuzzy,0.8817809516594052
gaas,0.0
gain,0.0
gait,2.057054016325569
gallbladder,4.126644424429891
game,0.0
games,0.0
gaming,0.0
gamma,9.777539386425413
ganglion,0.0
gap,0.0
gaps,0.0
garcinia,1.9412896079570705
gas,0.9001067623966976
gases,0.0
gasification,18.51837120417801
gasifier,3.294588560508742
gastric,0.0
gastroenteritis,0.0
gastroesophageal,0.0
gastrointestinal,0.0
gauged,0.0
gaussian,0.0
gel,1.549440544433761
gelatin,0.0
gelation,5.031349912193215
gender,1.500239167746984
gene,1.4978991630472427
genera,0.0
general,0.0
generalization,0.0
generalized,1.5176325204574799
generated,0.0
generating,0.0
generation,3.7113248891627943
generations,3.0489467911092283
generative,4.95787104316987
generator,0.0
genes,45.825276781081776
genetic,0.539594261424412
genistein,0.0
genital,1.5575591916077545
genome,0.0
genomic,0.0
genotype,1.3388256337387439
genotypes,3.232755094142167
genotypic,0.0
genotyping,1.1213928288020654
genus,0.0
geochemical,0.0
geochemistry,0.9579752299811046
geographic,0.27618127912573887
geographical,0.0
geometry,0.0
geopolymer,14.786116522191863
geosynthetic,4.871235383506373
geriatric,0.0
germ,0.0
gestation,1.934401494362589
gestational,0.0
giant,0.0
gingival,0.0
gis,3.7654163305848387
gland,2.222225573630318
glands,0.13004569898019466
glass,0.0
glaucoma,0.48024607438621814
global,11.255256348440808
globba,0.0
glomerular,2.797486384965915
glove,0.0
glucose,0.0
glutamate,0.0
glutathione,9.252737332248024
glycation,1.9231180582445522
glycemic,5.945147704209866
glycerol,0.0
glycogen,2.8440235808996333
glycosides,0.7124590643034414
gnss,0.0
goal,0.0
goals,0.0
goat,0.0
goats,6.443998037453786
going,1.6988224368421827
gold,7.245198479536016
gonadal,0.0
good,0.0
google,0.8181542446873313
governance,0.0
government,0.0
gps,0.0
grade,6.132509132674685
graded,0.0
gradient,0.0
graduate,0.0
graft,0.0
grafted,0.0
grafting,0.7537673967781555
grain,1.5317022407407164
granular,0.43111212751209904
graph,0.0
graphene,16.048422553777684
graphite,6.233547055597704
graphitic,13.61674915784992
graphs,0.0
grasping,0.0
grass,0.7655709700709026
gravitational,0.0
gravity,5.402188322392103
great,0.0
greater,0.0
green,5.99979619599353
greenhouse,0.0
grid,0.0
grip,0.19370827980770713
ground,8.404007164511928
groundwater,2.3007451674466384
group,0.0
groups,0.0
growing,0.0
grown,0.0
growth,0.0
guava,2.9731187977054634
guidance,0.0
guide,0.0
guided,1.5226189732238202
guideline,0.0
guidelines,0.0
gulf,0.6185743567168492
gut,20.950547816716245
gynecologic,0.0
habitat,0.0
habitats,0.0
haemophilia,0.0
hair,5.470705388310115
halophilic,0.0
halothece,0.0
halotolerant,0.0
hand,0.0
happiness,0.0
harboring,0.0
hard,0.0
hardness,1.0075658368487688
harvesting,2.3109668798022556
having,0.0
hazard,10.852048909935114
hazardous,0.0
hazards,0.994841842608108
hbv,0.0
hcv,0.0
head,1.5232385651222682
healing,15.750330082225107
health,0.0
healthcare,4.408585321141895
healthy,2.8440926481005806
hearing,1.0899225183972434
heart,0.0
heartwood,0.0
heat,0.0
heating,0.0
heavy,0.0
height,0.0
helicobacter,0.98942417221002
hematological,0.0
hematopoietic,0.0
hemodiafiltration,0.0
hemodialysis,0.0
hemodynamic,0.0
hemoglobin,0.0
hemoperfusion,3.371459255437817
hemorrhagic,0.0
hemostatic,0.0
hen,0.0
hepatic,0.0
hepatitis,0.0
hepatocellular,0.0
herbal,0.0
hereditary,0.0
heritage,14.769825042169119
herpesvirus,0.0
heterogeneity,0.0
heterogeneous,0.0
heterologous,0.0
heterostructure,1.4632902016934566
heterostructures,8.97356088796867
heterozygous,0.0
hexavalent,0.0
hidden,0.48908353235692337
hierarchical,6.256024575085731
hierarchy,0.0
high,3.741935179209609
higher,1.2314737990432316
highly,9.764645907474142
hip,0.0
hippocampal,2.975540209968698
hippocampus,0.5972299273116715
histological,0.0
histology,0.0
histone,1.640287528259103
histopathological,0.0
histopathology,0.0
historical,0.0
history,4.990595512428478
hiv,0.0
hole,0.0
holes,8.262318610788311
hollow,1.7862408798129592
holocene,0.21870650513985798
holographic,0.0
home,0.0
homeostasis,35.14144871712962
honey,0.0
honeybee,0.0
hong,0.0
horizontal,0.0
hormone,3.797657901488898
hormones,0.0
hospital,0.0
hospitalization,0.0
hospitalized,1.9475680337777008
hospitals,14.890458888377669
host,0.0
hostile,4.846529713579896
hot,0.0
hotel,0.0
house,1.9058515726388436
household,0.0
housing,1.0228997060115175
hpv,0.0
human,0.0
humans,3.3505862917576428
husk,4.91046725785824
hyacinth,1.2973128898909714
hyaluronic,0.0
hybrid,5.1834602765781295
hybridization,1.030869243052682
hydatidiform,0.0
hydrate,10.414308493628528
hydrocarbon,0.0
hydrocarbons,1.4068924990472156
hydrodeoxygenation,11.348350939642208
hydrodynamic,0.0
hydrodynamics,4.955063841617894
hydrogel,1.6059248127769532
hydrogels,0.0
hydrogen,23.451196064060255
hydrogenation,8.62210895088079
hydrogenolysis,0.41507364508390754
hydrolysate,0.0
hydrolysates,0.8317832068578687
hydrolysis,0.0
hydrophila,11.159390893518442
hydrophilic,0.0
hydrophobic,5.8156741064440105
hydropower,0.0
hydrothermal,11.38776699361003
hydroxide,1.9534716432900607
hydroxides,9.804584479273208
hydroxyapatite,6.598448925225835
hygiene,0.0
hypersensitivity,0.0
hypertension,0.0
hypertensive,0.0
hypertrophic,0.0
hypertrophy,0.0
hypomethylation,0.0
hypoxia,0.0
ideal,1.3976905675249722
identification,0.4733143070380571
identified,1.430177556172965
identifies,0.0
identify,0.0
identifying,0.0
identity,0.0
idiopathic,0.0
igg,0.0
igm,0.0
ii,0.0
iii,0.0
ill,0.0
illness,4.490450812637358
image,0.0
imagery,3.202971173428511
images,0.0
imaging,0.0
imbalance,1.2272950501094038
imidazolate,0.0
immature,6.467974861179741
immediate,0.0
immersion,3.898361665896951
immobilization,0.0
immobilized,0.0
immune,41.49690054663816
immunity,5.891086029972217
immunization,0.0
immunoassay,0.0
immunodeficiency,0.0
immunofluorescence,0.0
immunogenicity,7.126392012824385
immunoglobulin,0.0
immunohistochemical,0.0
immunohistochemistry,3.1427969965728764
immunological,0.0
immunomodulation,1.2490282461388822
immunomodulatory,0.0
immunosensor,11.822285688843506
immunosorbent,64.90754102944926
immunotherapy,0.0
impact,1.5166042557362662
impacts,0.0
impaired,0.0
impairment,3.1504265702026197
impairments,2.1312607807037587
impedance,0.0
imperfecta,0.0
implant,7.223299867692042
implantable,3.798089026399062
implantation,4.336779247809985
implementation,0.0
implementing,0.0
implication,0.0
implications,0.0
importance,0.0
important,0.0
imprinted,2.9689210802528003
improve,0.0
improved,7.596706680211046
improvement,0.0
improves,0.0
improving,51.18000203497778
impurities,0.0
inactivated,3.1946936991464496
inactivation,0.0
incidence,0.0
incident,0.0
including,8.597892329922143
inclusion,0.0
income,0.0
incorporated,0.0
incorporating,8.910048857248842
incorporation,0.0
increase,2.655495498386878
increased,1.0302809360474074
increases,0.15797476428564983
increasing,8.11707265431129
incremental,0.0
incubation,0.0
independence,1.056759968325317
independent,7.412541118398354
index,0.0
india,3.5099080469672606
indian,1.6499771756771395
indica,0.0
indication,0.0
indicator,0.0
indicators,0.2785271118080016
indices,6.7610599498995
indigenous,0.0
indirect,0.0
individual,0.0
individuals,0.0
indochina,6.2078126594619745
indonesia,0.0
indonesian,4.95462943372099
indoor,2.0612486298383996
induce,0.8033927220684507
induced,0.0
induces,0.0
inducing,0.43836479222532887
induction,0.0
industrial,0.0
industries,0.0
industry,9.679244544634512
inequality,7.029115107295784
infant,0.0
infants,0.0
infarction,6.919907709861283
infected,0.0
infection,0.0
infections,0.0
infectious,0.0
inference,0.0
inferior,0.0
inferred,1.3814061743524761
infiltration,14.134914848477173
inflammation,6.8384595202158
inflammatory,12.673535604839538
inflation,11.238517912349058
influence,0.0
influences,0.0
influencing,9.151474461110142
influenza,0.0
informal,0.0
information,0.0
infrared,0.0
infrastructure,1.6209032304861604
infusion,0.0
ingestion,0.0
ingredients,0.0
inhibit,0.0
inhibited,0.60188843846605
inhibiting,0.0
inhibition,0.0
inhibitor,0.0
inhibitors,0.0
inhibitory,1.5055484624921103
inhibits,0.0
initial,2.7585306635414457
initiation,5.4079327249902756
initiative,0.0
initio,4.5304819531265945
injectable,10.275529200183039
injection,0.0
injections,1.6555316578370936
injuries,0.0
injury,5.358698583300943
ink,3.0897304457664947
inland,0.874723513082581
innate,0.0
inner,0.0
innovation,0.8819830399359047
innovative,0.0
innovativeness,0.4054211981437592
inorganic,0.0
input,0.0
inputs,2.4595809704935325
insertion,9.345433749097992
inside,0.0
insidiosum,0.20382315081954644
insight,4.507940214384471
insights,8.464648570774914
inspection,0.0
instability,0.0
installation,0.0
institutional,0.0
instruction,0.0
instructional,0.0
instrument,1.5944995964382036
insulin,0.0
insurance,2.457023589577252
intake,0.0
integer,0.0
integrated,0.0
integrating,0.0
integration,13.562495237517897
integrative,0.0
integrin,7.050556088369154
integrity,1.3294352369003914
intelligence,2.7026454198298366
intelligent,12.057661674835366
intensified,0.0
intensity,0.0
intensive,0.8457985507427984
intention,6.856180606324874
intentions,4.668654748925557
interacting,0.20758523495725903
interaction,2.7726463806605004
interactions,0.0
interactive,36.40318359998622
interbody,4.7153516256766315
interconnected,0.0
interface,0.0
interfacial,18.447967684753557
interferon,0.0
intergenerational,0.0
interleukin,0.0
intermediate,1.7787835839587776
intermittent,9.774104717474682
internal,0.0
international,0.0
internet,10.617900294942565
interplay,11.487689533610055
interpretation,0.0
interrogans,0.0
interstitial,3.7407870494988757
interval,2.2652400391154863
intervention,17.726423955513123
interventions,7.228068679441029
intestinal,6.1815912403333355
intracellular,0.49428243545158645
intracranial,0.0
intradermal,2.545239795991789
intramuscular,0.5516880189091712
intranasal,0.0
intraocular,0.0
intraoperative,0.6502566400640064
intravenous,1.41224984597994
intrinsic,4.467286272667139
introducing,0.0
introduction,0.0
intrusion,0.8027953731453012
intubation,0.0
inulosucrase,0.0
invasion,4.296290092382134
invasive,0.0
inventory,0.0
inversion,0.2338258875411876
inverted,0.0
inverters,0.0
investigating,3.622087193442354
investigation,0.0
investigations,0.0
investment,0.0
involved,0.0
involvement,3.6388452805383964
iodide,0.7322136837938179
ion,5.413714228630377
ionic,4.374719084592803
ionomer,0.0
ions,0.0
iot,0.3779264926155402
iron,0.0
irradiation,0.0
irrigation,5.100229861993871
irritable,0.0
ischemic,0.0
islamic,7.039486401715986
islands,0.0
isogeometric,2.91003714242589
isolate,0.0
isolated,0.0
isolates,0.0
isolation,0.0
isothermal,0.8876965849410499
isotropic,2.1004303825405586
issue,0.0
issues,0.0
item,0.2644225287322385
iterative,0.0
iv,0.0
janus,3.3976775669619674
japan,3.072555220181619
japanese,0.0
jatropha,4.773209374786112
jaw,0.8589502635227853
jet,0.0
job,0.0
joint,0.0
joints,0.0
journal,0.0
journey,4.411515274494127
juice,0.0
junction,0.0
juvenile,1.1671568939472496
kaempferia,0.0
kaolin,0.0
keratinocyte,0.10673261956142241
keratinocytes,1.9782735177278035
keratitis,0.3370134902646881
kernel,0.33057882759700064
ketogenic,0.0
key,0.0
khao,0.0
khon,8.328431552529498
khorat,4.804414456339313
kidney,0.0
kinase,1.4499799802018734
kinases,7.628593206812206
kinematics,0.0
kinetic,2.192978515145623
kinetics,0.0
king,0.0
kingdom,0.0
kit,0.0
klebsiella,0.0
knee,0.0
knowledge,0.0
koh,4.8690258955192744
kynurenine,1.2226847042530207
la,0.0
label,0.0
labeling,0.0
labor,0.0
laboratory,4.635649904430314
labour,0.0
lack,0.0
lactate,15.302004778624916
lactic,0.0
lactiplantibacillus,1.2870377994472235
lactobacillus,6.751074076829448
lake,11.587377145175862
lamp,7.101498907125271
land,2.786573018047619
landmark,1.047689875006544
landscape,0.0
language,0.0
lao,0.0
laos,8.268849651307747
laparoscopic,0.0
large,14.163501421760214
larval,0.9541825552973717
las,0.0
laser,0.0
late,0.0
latent,1.598902540391188
lateral,4.066355213956404
lates,0.0
latex,0.0
lattice,0.0
laurifolia,0.0
law,0.0
layer,0.0
layered,2.9694263876506506
layers,0.0
lead,1.671027940419673
leader,0.0
leadership,58.333001833769416
leading,0.0
leads,1.0710558389504707
leaf,1.6246832323544882
leaky,0.7739580487318373
lean,0.9394721568381587
learned,136.4760810292608
learners,0.0
learning,0.0
leaves,0.0
left,0.0
legal,0.0
leishmania,0.9710230237616947
leishmaniasis,10.678368210157666
lemon,3.0273811421421684
length,0.0
lens,0.0
leptospira,0.0
leptospirosis,0.0
lesion,0.022516640487117212
lesions,0.2969944225977156
lesson,0.0
lessons,61.37210920923928
letter,0.0
lettuce,9.677093478410503
leukemia,0.0
leukocyte,0.0
levansucrase,1.424096378304803
level,0.0
levels,0.0
leveraging,5.3381711794216695
lewis,0.0
lexical,0.0
library,0.0
lichen,2.503124609639567
lidocaine,0.0
life,3.618207763175608
lifelong,0.0
lifespan,6.1289570557658095
lifestyle,0.0
lifetime,2.6006114723432527
ligament,0.0
ligand,0.0
ligands,2.51302520962874
ligation,1.7369126220411983
light,0.0
lighting,0.0
lightweight,0.0
lignin,7.819308010117272
lignocellulosic,0.0
limb,0.0
lime,0.0
limestone,0.0
limit,9.001749463372917
limited,1.2196173612291858
limits,25.89347805862671
line,0.0
lineage,3.9016822692606983
linear,0.0
lines,1.17145463566108
link,0.0
linkage,0.0
linked,2.973296345385934
linking,1.3032427199105305
lipid,0.0
lipocalin,3.5171065176436813
lipopolysaccharide,0.0
lipoprotein,0.0
liquefaction,6.772141659807307
liquefied,1.6976931903537582
liquid,6.715062966003459
list,0.0
listed,0.0
listeria,0.0
literacy,0.0
literature,0.0
lithium,0.0
litopenaeus,8.653217313357164
litter,5.693991763983491
live,3.3203256382926782
liver,0.0
living,0.0
load,0.0
loaded,0.0
loading,3.7051812696510233
loads,3.3202847899118284
lobe,2.7846965637125685
local,0.0
localization,0.38295508184046406
localized,2.0935989557328627
location,0.0
loci,0.0
locus,8.23896576356464
logistic,9.533183881606082
logistics,0.0
long,0.391026881603204
longan,0.0
longevity,0.0
longitudinal,3.6571050498808044
look,0.8782918319868003
loop,0.0
looping,0.0
los,0.6899342495046243
loss,0.0
low,3.2682030763699355
lower,2.094443275540023
lowered,0.8201575402875896
lowering,0.0
loyalty,0.0
lps,6.3322790351599485
lumbar,2.149087882307118
luminescence,2.6203735843558564
lung,3.2225129862616906
lupus,8.97675710434138
lymph,0.0
lymphoblastic,1.0085859872665361
lymphocytes,3.078378096236396
lymphoma,0.7992163436920325
macaque,2.253961883892252
macaques,0.0
machine,1.608828767412606
machinery,5.2796850719630335
macrobrachium,0.0
macrophage,0.0
macrophages,14.961924279009557
macular,4.626003792334892
mae,0.0
magnesium,0.0
magnetic,6.023240742360669
magnetron,0.0
mai,0.12803539266787564
main,11.447959288303752
mainland,5.462715832914061
maintenance,0.0
maize,0.0
major,0.0
make,9.560538944260044
making,0.0
malaria,0.0
malaysia,0.0
male,0.0
malignancy,0.6258966861323825
malignant,1.8255514896206835
malondialdehyde,0.0
mammary,0.0
management,0.0
managerial,0.2965957946082041
managers,0.0
managing,0.0
mandibular,0.0
manganese,4.7475844409367065
mango,0.0
mangosteen,0.0
mangrove,7.439808335845024
manifestation,0.0
manifestations,0.0
manipulation,0.0
mansonone,2.5185108845727644
manufacturer,0.0
manufacturing,0.0
map,0.0
mapping,3.2726530214254335
maps,0.0
marginal,0.0
marine,3.2226274192711046
marker,5.990329494298239
markers,0.0
market,0.0
marketing,9.777128474188318
markets,0.0
martiniquensis,0.0
mask,36.644434306274654
masks,8.916594893864376
masonry,3.394719199375238
mass,0.0
massage,0.0
masses,13.14759392478376
massive,0.0
mast,0.0
masticatory,0.0
mat,0.36445588403517126
matching,1.0725594788368116
material,0.0
materials,12.009610719600387
maternal,2.6298325177794286
mathematical,0.0
matrices,0.0
matrix,0.0
mats,0.0
matter,0.0
matters,2.2115522558688974
maturation,6.124587418981899
maxillary,0.0
maxillofacial,0.0
maximal,1.1863586643257458
maximum,0.0
meal,0.0
mean,0.0
meaningful,0.0
measure,0.0
measured,0.0
measurement,0.0
measurements,0.0
measures,0.30575059465301
measuring,7.3058577044267015
meat,11.03115705360423
mechanical,15.406883061557558
mechanically,6.8741739686042616
mechanics,0.0
mechanism,10.22677955526495
mechanisms,56.67811183022929
mechanistic,0.0
media,0.0
medial,0.20897947972033845
mediate,0.0
mediated,0.0
mediates,1.2674428830257414
mediating,0.0
mediation,0.0
mediators,7.075840274779721
medical,0.0
medication,0.0
medications,0.0
medicinal,1.4112804174241775
medicine,0.0
medicines,0.0
medium,0.0
meibomian,5.977908187176486
mekong,3.196563703086109
melanogenesis,0.0
melanoma,2.7761187725901273
mellitus,0.0
melt,0.0
melting,0.0
membrane,0.0
membranes,9.9424690152698
memorial,0.0
memory,0.0
men,0.0
meniscus,1.68423520072497
menstrual,0.0
mental,3.833044749869479
mercury,0.0
meropenem,0.0
merozoite,0.0
mesenchymal,3.4468253262603645
mesh,6.874426740976333
mesoporous,7.902346068026845
message,0.0
metabolic,0.0
metabolism,9.657969904784464
metabolite,0.0
metabolites,28.684788523074907
metabolomics,0.10623416649289474
metagenomic,5.106255972007353
metal,5.962591330012302
metallic,2.7685831903335836
metals,13.691045175624192
metaplasia,2.182142868534496
metastasis,0.0
metastatic,3.7226343081620366
metasurface,15.858042648721314
metathesis,0.0
meteorological,0.0
metformin,0.0
methacrylate,3.1572062305284945
methamphetamine,0.0
methanation,15.313334593006832
methane,0.0
methanol,5.932559976079164
method,0.0
methodology,4.408736230636144
methods,0.0
methyl,13.040372926136657
methylation,0.0
methylene,11.362057788029967
metropolitan,0.0
mg,4.880664903318795
mgo,1.970824229523184
mice,0.0
micro,8.43790206955007
microalgae,31.641394065182627
microalgal,0.0
microbial,0.0
microbiological,0.0
microbiome,6.114654431858265
microbiomes,0.0
microbiota,14.79192856252084
microcrystalline,0.0
microemulsion,0.0
microencapsulated,0.0
microencapsulation,9.176602170900944
microextraction,11.491528722360759
microfluidic,0.0
microglial,0.0
microgrid,0.0
micromonospora,0.0
microneedle,0.0
micronutrient,2.1691214366504985
microorganisms,15.442695515627575
microplastic,13.108960461239638
microplastics,14.666872027837162
microrna,1.6990030700083851
micrornas,3.1395901061750666
microsatellite,0.0
microscopic,5.865152954486556
microscopy,0.0
microspheres,10.164329791920066
microstructural,2.5406848115803675
microstructure,0.0
microstructures,1.1099019744964962
microwave,0.0
middle,0.0
migraine,1.9866460209573649
migrant,4.279331070515134
migration,0.7936601551903468
mild,0.0
military,0.0
milk,0.0
millipede,0.0
mimicking,3.2724451927906433
mimo,0.4734126108806776
mindfulness,0.0
mineral,0.0
mineralization,3.951760105404369
mini,14.261087963192415
miniaturized,0.0
minimal,0.0
minimally,0.0
minimum,0.0
mining,0.0
minor,0.09952754200788914
mirifica,9.019271731274515
mite,2.271540728249316
mites,0.0
mitigates,0.46219858403891284
mitigating,0.0
mitigation,0.0
mitochondrial,0.0
mitragyna,0.6848641136398683
mitral,0.0
mix,0.0
mixed,0.0
mixing,0.0
mixture,0.0
mixtures,0.0
mobile,0.0
mobility,0.7619745332136137
mode,3.9666637748773077
model,0.0
modeling,0.0
modelling,0.0
models,0.0
moderate,3.996948760700143
moderating,5.026928397321593
modern,30.341564059838603
modes,0.0
modification,0.0
modifications,0.0
modified,2.52638814023201
modulate,0.0
modulated,0.0
modulates,0.0
modulating,12.29425614597871
modulation,0.0
module,0.0
modules,0.0
moisture,0.0
molar,2.2690447251400694
molars,5.290706337937873
molecular,7.924280718709862
molecularly,0.0
molecule,0.0
molecules,6.109204081213069
molten,0.9072461885748863
moment,0.0
moments,7.942931367824065
monitor,0.0
monitoring,0.0
monoclonal,24.482688884683395
monodon,0.0
monolayer,0.0
monomers,0.0
mononuclear,0.0
monsoon,6.651288473006109
monte,0.0
months,0.0
montreal,2.0002765163929412
mood,0.0
moral,0.0
moringa,0.0
morphine,0.0
morphological,0.0
morphology,1.5488992827586898
morphometric,3.7608885404678114
mortality,0.0
mortar,5.493686873017238
mosquitoes,1.384647849834375
mothers,0.0
motif,0.0
motion,0.0
motivation,13.406902646313046
motor,0.0
mouse,8.676850973388458
mouth,0.0
movement,0.0
movements,0.0
moving,0.0
mr,0.0
mri,0.0
mrna,0.0
mucoadhesive,3.2625627137155075
mucosal,0.0
mucositis,6.243193695902884
mucuna,0.0
mulberry,13.518147764403896
multicenter,15.844760925886693
multicomponent,0.0
multidimensional,0.8788667687052257
multidisciplinary,0.0
multidrug,0.0
multifunctional,0.0
multilayer,0.0
multilayered,0.0
multimodal,0.0
multiple,1.0947587394555232
multiplex,0.0
multivariate,8.592052960633882
municipal,4.282073964885208
murine,2.5491880794459787
muscle,0.0
muscles,0.0
musculoskeletal,0.0
mushroom,2.9584472913917703
music,1.9549201766969067
muslim,1.2560936504543043
mussel,1.500596495304638
mutant,0.0
mutation,1.404184954488551
mutational,3.2611825070605196
mutations,6.155036708643486
mutual,0.2834588623214327
mxene,8.940065296561407
myanmar,0.0
mycobacterium,0.0
mycoplasma,0.0
myeloid,0.0
myocardial,0.0
myxomatous,0.5222379840217822
nakhon,0.0
nam,0.0
nan,1.1429958114799317
nano,0.7990669362303675
nanocarriers,0.0
nanocatalyst,0.0
nanocellulose,15.851989513359774
nanocomposite,29.39791883294768
nanocomposites,0.0
nanoemulsion,0.0
nanoemulsions,10.130010068232188
nanofiber,0.0
nanofibers,0.0
nanogel,27.374110038839767
nanomaterials,0.0
nanoparticle,0.0
nanoparticles,10.403115063538454
nanoplatelets,0.0
nanopore,5.9908549340190715
nanoporous,0.0
nanorods,0.0
nanoscale,8.480475206609027
nanosheets,50.06031523115481
nanospheres,0.0
nanostructure,0.0
nanostructured,23.0340519881205
nanostructures,0.0
nanotube,8.23245869697299
nanotubes,0.0
nanowires,1.1580374546904668
napier,0.0
narrative,0.0
narrow,0.0
nasal,0.0
nasopharyngeal,0.0
national,0.0
nationwide,0.0
native,9.22073008488596
natural,0.0
naturally,0.09007762263424904
nature,23.09782799796586
navigation,0.0
near,0.0
neck,0.0
necrolysis,5.848582791257653
necrosis,0.0
need,0.0521058261276522
needle,1.5046283196697738
needs,2.5209052155450693
negative,0.362940209422581
neonatal,0.0
neoplasia,0.0
neoplasm,13.559242951263677
neoplasms,0.0
nepal,0.0
nephrectomy,0.0
nephritis,3.9841372117690685
nephrology,0.9794644630368967
nephropathy,0.0
nerve,0.0
nervosum,0.0
nervous,0.0
net,2.4667329126803614
nets,0.0
network,0.0
networking,0.0
networks,0.0
neural,5.255482397464801
neuraminidase,3.0862850038138077
neuroblastoma,2.1520199822055983
neurocognitive,7.982789432069144
neurodegenerative,0.0
neurodevelopmental,5.004453853916558
neuroendocrine,0.0
neuroimmune,5.219797224839689
neurological,0.0
neuronal,6.548224355978781
neuropathy,1.9492446394253227
neuroprogressive,23.709204311441205
neuroprotection,0.0
neuroprotective,3.0087285861570394
neuropsychiatric,2.3838340026863305
neurotoxic,4.480224533702712
neurotoxicity,0.0
neurotrophic,1.2202738875619439
neutral,0.7331914531180838
neutralizing,0.0
neutron,0.0
neutrophil,0.0
new,0.17015702446614955
newborn,1.0409548013806618
newly,0.0
news,17.199733378568375
nexus,0.0
ni,3.370535035994242
nickel,0.0
nicotiana,10.368265807570001
nigeria,0.0
nile,0.0
niloticus,4.57518798750972
nitrate,9.719773848531624
nitric,3.425528415996092
nitride,0.0
nitrification,4.336654400675071
nitrogen,9.452958252060736
nitrosative,1.9767631185443917
node,0.0
nodes,0.6249599969904507
noise,0.0
nomothetic,14.426811287726563
non,0.0
nonalcoholic,1.5190828658619253
nonlinear,0.2310417267504103
nonlocal,0.0
normal,0.26663938708849894
normalization,0.0
norovirus,1.7133902513198827
north,0.0
northeast,4.315248563904152
northeastern,0.0
northern,0.0
notch,0.0
note,0.0
notes,0.0
novel,0.0
novo,0.0
nuclear,8.34975146027984
nucleic,0.0
nucleotide,0.34998036303325025
number,0.0
numbers,0.0
numerical,0.0
nurse,2.4076386367308493
nurses,21.09356175491267
nursing,3.4898932657376514
nutrient,3.9614817731478924
nutrition,11.954952978992326
nutritional,0.0
obese,2.5742294250976174
obesity,0.0
object,0.0
objective,0.20293911300641182
objects,0.0
oblique,0.0
observation,0.0
observational,0.0
observations,0.0
observer,0.0
obstruction,3.6434413612914103
obstructive,0.0
obtained,2.7099731192018304
occupational,0.0
occurrence,0.7185562104103844
ocean,0.8416730552598248
ocular,0.0
office,4.656020358062269
offshore,0.0
offspring,2.337767134313742
oil,0.0
oilfield,0.0
oils,0.0
old,0.1789569315860585
older,0.7750473656490773
olefins,0.0
oleic,12.211678756146117
oleifera,0.0
oligosaccharide,0.0
omicron,4.312303102120757
online,5.0409171856932735
onset,0.0
ontology,0.0
open,0.0
operating,0.0
operation,1.5266011168812512
operational,0.0
operations,0.0
operator,3.091800316911776
operators,0.0
ophthalmic,0.0
ophthalmology,0.0
opinion,0.0
opioid,0.0
opportunities,49.06621564728264
opportunity,0.43685563116026344
optic,0.0
optical,0.0
optimal,6.295377854311754
optimisation,1.8569429567416007
optimization,13.49551321724073
optimize,0.0
optimized,6.618982110465096
optimizing,0.0
optimum,0.0
option,0.0
options,10.061167541835701
oral,8.38604926752889
orange,21.244941283623852
orbital,0.0
order,0.0
orders,0.0
oreochromis,3.655447319178358
organ,0.0
organic,7.654471528712589
organization,0.0
organizational,8.879922801500376
organizations,0.13258907219519753
organoids,12.82816750836821
organophosphate,5.966216230439109
organs,0.7149859301617768
orientalis,3.3335461109635496
orientation,19.011473626113304
oriented,0.0
origin,0.0
origins,0.0
orthodontic,0.0
orthopedic,2.5808865860471504
osmosis,0.0
osteoarthritis,0.0
osteoblast,0.0
osteogenesis,0.0
osteogenic,0.26935366919165105
outbreak,0.0
outbreaks,4.915816946560958
outcome,0.0
outcomes,0.0
outdoor,0.0
outgrowth,0.07104844718541357
outpatient,12.89466425125411
output,0.0
ovarian,0.0
ovariectomized,0.1678365573597025
ovary,0.0
overall,0.0
overexpressing,0.0
overexpression,0.5053372917142619
overview,8.122417733249614
overweight,0.0
ownership,2.7568813620721917
oxalate,9.12382784041207
oxidase,0.3598955961711927
oxidation,0.0
oxidative,0.0
oxide,0.0
oxides,31.230303159762887
oxidized,0.0
oxygen,9.038164066750106
oxygenation,0.2146353027775728
oxyresveratrol,5.054156567177241
oyster,6.121800402151358
ozone,3.3357645894775056
pacific,4.591581375975762
pack,0.0
packaging,26.82922691370962
pad,2.7670933965746105
paddy,0.0
paediatric,10.985672278223952
pain,0.0
pair,0.0
pakistan,0.0
palladium,0.0
palliative,2.348582713979903
palm,0.0
palsy,0.0
pancreatic,0.0
pancreatitis,0.0
pandemic,1.53316637593391
panel,0.0
paniala,0.892119829328438
paper,7.349501853742066
papilla,0.0
papillary,0.0
papillomavirus,2.545149320959605
para,0.0
paradigm,0.0
paradigms,0.677073675730757
parahaemolyticus,3.7614098079355394
parallel,0.7888908947176048
parameter,0.6200957680730256
parameters,0.0
parametric,0.0
paraquat,0.0
parasite,12.189380524893958
parasites,3.6328748044826633
parasitic,0.0
parasitoid,0.0
parental,0.0
parenteral,0.0
parents,1.353450882398404
parity,0.0
park,0.0
parking,32.386730687474284
parmotrema,6.119815426174362
partial,0.0
partially,0.0
participants,1.7295783756828336
participation,0.0
participatory,0.0
particle,0.4233410811341973
particles,0.0
particulate,0.0
partly,0.0
partnership,0.0
parts,0.18215526015130093
parturition,5.874425046180479
parviflora,1.055287686908289
passive,0.0
past,0.0
paste,0.0
patch,0.0
patches,0.0
patent,0.0
path,0.0
pathogen,0.0
pathogenesis,0.0
pathogenic,5.297662744156227
pathogenicity,10.374696440910476
pathogens,0.0
pathological,0.0
pathology,3.0987290423940372
pathophysiology,16.586182731511304
pathway,3.2012965820118935
pathways,1.789384871931135
patient,2.178730863270622
patients,0.0
pattern,0.0
patterns,0.0
payment,0.07095415541436689
pb,11.68332978688524
pcc,0.0
pcr,0.0
pd,0.0
peak,0.0
pectin,8.086788637769741
pediatric,0.0
pediococcus,2.4382825583934236
peek,3.720230962537923
peel,0.9521832773656778
peer,0.0
pegylated,3.890020955585905
pellets,0.0
pelvic,3.808240608430336
pem,25.932583613761075
penaeus,0.0
penetration,0.0
peninsular,3.3038254042348694
people,0.0
peptide,0.4468792462000784
peptides,0.0
perceived,0.43464409403237836
perception,0.0
perceptions,0.0
percutaneous,0.8154676038153178
perfect,0.0
performance,9.471859564741138
performances,2.9965462167806955
performed,0.0
performing,1.0704173925748668
perfusion,0.0
periarticular,1.8034179610349796
perinatally,3.0666335978240284
period,0.0
periodontal,2.2194241753940265
periodontitis,8.084510652848284
perioperative,0.0
peripheral,0.0
peritoneal,0.0
peritonitis,1.2690614512232454
permanent,0.0
permeability,4.6969591933534325
permian,0.0
perovskite,105.58815598189042
peroxidation,4.447644590720171
peroxide,0.0
persistence,0.0
persistent,4.336784762564597
personal,3.681856086364462
personalized,0.07938951264452349
persons,0.6994684346570945
perspective,2.861685810438278
perspectives,12.246890357912829
pertussis,0.0
pesticide,3.296380126534932
pesticides,0.0
pet,1.7629687509516705
petri,0.0
petrochemical,0.0
petroleum,0.0
ph,9.273267045355565
phantom,3.7585168888243934
pharmaceutical,47.800503888461606
pharmaceuticals,0.0
pharmacokinetic,0.0
pharmacokinetics,0.0
pharmacological,3.2498889327396614
pharmacy,0.0
phase,1.9704173363412278
phases,0.27451703560180046
phenanthrene,8.918290658143878
phenolic,0.8631702851634875
phenome,6.7992982654740555
phenomena,3.7799879820488966
phenomenological,2.476609198382326
phenomenon,0.0
phenotype,1.8629459129591333
phenotypes,5.2796393990884685
phenotypic,0.0
philippines,0.0
phone,2.8634114286116468
phosphate,0.0
phosphorus,2.784272693051545
photocatalyst,3.019666993508909
photocatalysts,28.789867331682995
photocatalytic,9.606067215888073
photoluminescence,8.47393647829708
photon,0.9467448816242416
photonic,0.0
photosynthetic,5.702465360938755
photovoltaic,0.0
phra,0.0
phraya,0.0
phuket,0.6435884879468271
phyllanthus,0.0
phylogenetic,0.0
phylogeny,0.0
physical,0.0
physicochemical,60.80302471719887
physics,0.0
physiological,0.0
phytochemical,2.3684632124105676
phytoremediation,0.0
pichia,0.0
pig,13.506741613359752
piglet,16.056895156441815
piglets,0.040014127469053445
pigment,2.5313244803074673
pigs,11.327390304101236
pile,0.0
piles,5.862500448248693
pilot,1.6914306983132594
pineapple,1.529640787746339
pipe,4.265446599672241
pipeline,5.710391145370023
piper,3.5867450624196735
pitfalls,0.0
pituitary,0.0
placement,0.0
placental,0.0
plan,0.0
planar,0.0
plane,1.4878928734556138
planned,0.0
planning,0.0
plant,7.630691962643136
plantar,0.0
plantarum,0.0
plants,0.8581518902677299
planus,0.0
plaque,0.0
plaques,0.0
plasma,0.0
plasmodium,0.0
plasmonic,6.746241543109705
plastic,8.036368269492401
plastics,0.0
plate,0.0
platelet,0.0
plates,0.0
platform,2.6499027700120417
platforms,0.0
plating,0.0
platinum,2.7552804676228093
play,0.0
players,0.0
pleistocene,5.001608888695
pluripotent,0.0
plus,0.0
pneumonia,0.0
pneumoniae,0.38117722255999337
point,0.0
points,0.0
poisoning,0.0
poisson,7.1930595518796725
polar,0.0
polarization,25.738718309099003
policies,0.0
policy,0.0
polishing,2.7271513196558024
political,0.0
pollution,0.0
poly,0.0
polyaniline,0.0
polybenzoxazine,6.509161398558503
polycyclic,0.0
polydiacetylene,4.287384098375998
polyelectrolyte,0.0
polyetheretherketone,2.788509024314042
polyethylene,0.0
polyhydroxybutyrate,12.734826274514806
polylactic,3.377834211117499
polylactide,1.360010267983313
polymer,2.859842693095222
polymerase,0.0
polymeric,9.61612541061951
polymerization,0.0
polymers,0.0
polymethyl,0.48114742394422516
polymorphism,0.0
polymorphisms,0.0
polynomial,0.0
polynomials,0.0
polyphenol,1.6676367516208281
polyphenols,0.9453784465628438
polypropylene,10.037760723159199
polyps,0.0
polysaccharide,0.0026151636258365113
polyurethane,0.0
polyvinyl,0.0
poor,1.4558715377197253
popliteal,8.0308408555856
population,0.0
populations,0.0
porcine,0.0
pore,5.097588201834115
pork,0.7645574313250165
poroelastic,5.304144800526128
porous,0.0
porphyrin,0.0
portable,0.0
portal,0.0
portfolio,0.0
position,15.235807548961466
positioning,0.0
positions,0.0
positive,0.6129272546950112
possible,0.0
post,0.0
posterior,0.41252113008080493
postharvest,0.0
postmenopausal,2.1633382554382226
postoperative,0.7360243737092975
postpartum,0.0
postprandial,0.0
postural,10.097570870351282
potassium,0.0
potency,2.7256335679797843
potent,0.0
potential,25.09114813963703
potentially,13.481569162950079
potentials,0.0
poultry,0.0
poverty,0.0
powder,0.0
powdered,0.0
power,0.0
practical,0.0
practice,0.0
practices,0.0
pranburi,0.0
prebiotic,0.0
precast,0.0
precipitable,1.9787300814084052
precipitation,9.488310193793703
precise,0.0
precision,0.0
precursor,0.0
precursors,0.0
prediabetes,0.0
predict,4.199391486030469
predicted,0.0
predicting,0.0
prediction,0.0
predictive,0.0
predictor,0.0
predictors,3.0890947590853863
predicts,0.0
preeclampsia,0.0
preface,0.0
preference,0.0
preferences,0.0
preferential,2.636985114522178
pregnancy,0.0
pregnant,0.0
preliminary,0.0
premature,0.6197033564546873
prenatal,6.200538837292983
preoperative,2.4703405563457888
preparation,3.2459253175290925
prepared,0.0
preschool,0.0
prescription,0.0
presence,3.349600765524969
present,0.0
presentation,0.0
presented,0.0
presenting,0.0
preservation,15.757912178168597
pressure,2.6349127670647623
pressures,0.2843311564309892
preterm,0.0
pretreated,0.0
pretreatment,0.0
prevalence,0.0
prevent,0.0
preventing,0.13285461842135526
prevention,0.0
preventive,0.0
prevents,0.0
previously,0.0
price,8.877389410109222
pricing,0.0
primary,0.0
primordial,24.302499674885404
principal,0.0
principles,7.480367144812559
printed,0.0
printing,0.0
prior,7.534794716595124
priorities,0.0
priority,0.0
privacy,0.0
private,2.258121149129693
probabilistic,4.995665210440394
probabilities,0.0
probability,0.0
probe,0.0
probes,5.658076864901423
probiotic,2.709166228866177
probiotics,0.7337166001940096
problem,0.0
problems,0.0
procedure,0.0
procedures,1.5806227275233122
process,0.0
processes,7.922170636287081
processing,1.288546035294606
prodrug,0.0
produce,7.872748810521447
produced,7.00973852591366
producing,0.37909087106449213
product,2.769606552832687
production,4.766536992373037
productive,0.0
productivity,4.251702207421099
products,0.0
professional,2.8436300224328424
professionals,0.0
profile,0.0
profiles,0.0
profiling,6.115019344575421
progesterone,1.2458506718100075
prognosis,0.0
prognostic,0.7566142347351628
program,1.7914077310471783
programme,0.0
programmed,4.0128286839531615
programming,1.8408965316476662
programs,0.0
progress,0.0
progression,11.82116329282998
progressive,1.1784527421684992
project,12.278590305558128
projects,2.3564313866126887
proliferation,2.6718591795317383
prolonged,0.0
promising,26.89007453773905
promote,1.6813479853770306
promoted,8.596181580445586
promoter,0.0
promotes,3.2485039458843072
promoting,0.0
promotion,0.0
prone,1.6511341353674747
proof,5.374938668590781
propagation,0.0
propane,0.0
properties,2.6831343403737318
property,0.0
prophylactic,3.108501922938266
prophylaxis,2.417729361607137
propolis,0.3579791831101944
proposed,0.0
propylene,6.628713914058559
prospective,0.0016032923630906575
prospects,0.0
prostaglandin,0.0
prostate,0.0
prosthesis,0.0
prosthetic,8.508842672065715
protease,0.0
protecting,0.0
protection,0.0
protective,0.0
protects,6.635132665593153
protein,6.1266677721883545
proteins,0.0
proteomic,0.0
proteomics,3.2456742583698106
protocol,0.0
protocols,0.0
proton,0.3633705907755701
prototype,0.0
provide,2.917284546082051
provides,0.0
province,0.0
provinces,0.0
proximal,0.0
prrsv,1.5881016159456214
pseudintermedius,0.0
pseudomonas,0.0
psoriasis,1.5514583832517719
psoriatic,1.528785277157592
psychiatric,2.103236769300436
psychiatry,5.4939678827390805
psychological,0.0
psychometric,0.3539917466923775
psychosis,0.0
psychosocial,0.0
psychotic,1.2917355409711948
pt,0.0
public,0.0
pueraria,0.0
pullulan,5.436234797036551
pullulans,14.868798428809983
pulmonary,0.0
pulp,0.0
pulse,0.0
pulsed,2.250603432178219
pump,7.603409844168481
pumps,0.0
puncture,8.284662432591032
purchase,2.9621516165532116
pure,0.0
purification,13.551994138955706
purpose,6.770409200880333
putative,0.032095998336319834
pv,10.449332860568873
pylori,4.727681390438746
pyrolysis,5.677374253675844
pyrrolidinyl,4.193961957351387
pythiosis,0.9419722067641702
pythium,5.8124722283878425
qualitative,0.0
quality,0.0
quantification,0.0
quantitative,0.0
quantity,0.0
quantum,0.0
quark,10.525052436911384
quartz,0.0
quaternary,1.2323953463657205
quaternized,7.7275593130516755
question,0.3292827106383177
questionnaire,0.0
questions,0.0
quinquefasciatus,6.02760900927042
rabbit,0.0
rabies,0.0
radar,0.39898979701555015
radial,0.40857813432444395
radiation,1.9999262014816492
radical,11.794575343256694
radicals,0.0
radio,0.5431567875397612
radiofrequency,3.922276342289606
radiographic,0.0
radiography,0.0
radiological,0.0
radiotherapy,0.0
rai,0.0
rail,0.0
railway,3.0040906044982156
rainfall,4.516258705172956
raman,0.0
random,0.0
randomised,0.0
randomized,6.2954421158038665
range,5.889534147139285
rapid,14.052829680029445
rapidly,0.0
rare,0.0
rastrelliger,0.0
rat,0.28071094440622685
ratchasima,2.491628778052693
rate,0.0
rates,0.0
rating,0.0
ratio,0.0
rational,3.8401447562521365
ratios,5.277098356980002
rats,1.6222964419873465
raw,0.0
rayong,0.0
rc,3.225431092769903
reach,0.0
reaction,0.0
reactions,3.1653189858939736
reactive,1.120284932252731
reactivity,0.0
reactor,0.0
reactors,4.412566732236405
readiness,0.13135281651856634
reading,0.0
readmission,0.8830681603679769
real,0.0
reality,3.1470397719941987
received,4.114909026798938
receiving,0.0
recent,17.65418791599266
receptor,2.272269762834937
receptors,2.7110653765145822
rechargeable,0.0
recipients,4.291305963864163
recirculating,0.0
recognition,3.5316058567257023
recombinant,12.120814620871007
recombinase,5.3122785172777895
recombination,5.637453954607255
recommendation,0.0
recommendations,7.8882579246615085
recommender,0.0
reconstruction,0.05312918040848756
record,0.0
records,1.4201681902611925
recovery,0.0
rectal,0.0
rectangular,8.821610715450634
recurrence,3.612049992410616
recurrent,0.0
recycled,26.681613804145393
recycling,1.1516838910274316
red,1.7025893108341241
redox,1.2348912155325247
reduce,0.6932634844486465
reduced,0.0
reduces,0.757978030824418
reducing,4.224424882283738
reductase,0.0
reduction,0.0
reference,0.0
referral,1.6601646300178576
reflection,0.0
reflections,0.0
reflective,0.45999002988631554
reflux,0.0
reforming,6.611913316230847
refractory,0.0
regarding,1.0477679600226746
regeneration,0.0
regenerative,0.0
regime,0.0
regimen,0.0
regimens,2.7748993845121466
region,0.0
regional,0.0
regions,1.190655588005689
registry,0.0
regression,2.4869549880111936
regular,0.0
regulated,0.0
regulates,18.94955725308161
regulating,25.35548124717716
regulation,0.0
regulatory,0.0
regurgitation,0.044622797506013244
rehabilitation,0.0
reinforced,1.2724404085903414
reinforcement,0.0
reinforcing,0.0
rejection,0.0
relapse,0.0
related,0.0
relation,0.34446851038275583
relational,0.0
relations,2.827599078778217
relationship,0.40403639311576384
relationships,0.0
relative,0.0
release,11.432800621136609
relevance,0.0
relevant,0.0
reliability,0.0
reliable,0.0
religious,0.0
remarkable,15.359480232471151
remediation,0.0
remodeling,3.000249323464603
remote,0.0
removal,9.965565992338616
removing,0.0
renal,0.0
renewable,3.190541501113077
renieramycin,2.8049994099764124
repair,1.4131079946064404
repaired,0.0
repeat,11.507411231510488
repeated,0.0
repetitive,1.236482379180915
replacement,0.0
replication,0.0
reply,0.0
report,0.0
reported,0.0
reporting,0.0
reports,0.0
repositioning,0.0
representation,0.0
representations,8.176398497751155
representative,6.942612375873916
reproduction,0.0
reproductive,0.0
republic,0.0
repurposing,1.2799359156398233
required,0.0
requirement,0.0
requirements,0.0
requiring,0.0
rescue,0.0
research,0.0
resection,1.5794464509066082
reservoir,0.0
reservoirs,0.0
residential,0.0
residents,0.0
residing,0.0
residual,4.602880146652396
residue,0.0
residues,0.0
resilience,5.588698506698048
resin,0.0
resistance,0.41727807611048756
resistant,0.0
resolution,0.0
resonance,1.7826542861378658
resonant,1.3501608134311158
resource,0.0
resources,0.0
respiratory,0.0
response,0.9566448908357424
responses,35.733520813971886
responsibility,14.357558636473133
responsible,0.0
responsive,0.8768750699450227
responsiveness,1.2525758160823643
restaurant,3.483640753530777
restoration,0.0
restriction,0.11657274939897207
result,0.0
results,0.5296164343578695
retail,0.0
retention,5.478820887976693
reticulum,4.159199585480721
retinal,1.1808400828691712
retirement,0.23795050852267896
retraction,0.0
retrofit,0.0
retrospective,0.0
return,0.0
returns,0.0
reuse,6.729043266506303
reuteri,4.098877078822105
reveal,4.69885455478924
revealed,0.0
reveals,8.6917862064975
reverse,0.0
reversible,3.336916196027377
review,26.26775513231977
reviews,0.0
revision,4.133423478344485
revisiting,0.10171264523150365
rfid,0.0
rhamnosus,16.52059553801843
rheological,8.644367484216348
rhesus,0.0
rheumatoid,0.0
rhinitis,0.0
rhinosinusitis,4.734787499823695
rhizome,0.0
rhizosphere,0.0
rhodamine,0.0
rice,1.1772616743291016
riceberry,9.803248487908242
rich,0.0
right,1.9394317524233433
rights,0.0
rigid,1.7573163093532194
ring,0.0
rings,0.40870236280250133
ripening,0.0
rise,0.0
risk,7.885055240120871
risks,0.6851454553497142
river,5.006832425324883
rna,0.0
rnas,2.0798780351407884
road,5.9607743458497024
robot,0.3067172652752814
robotic,5.489930645965423
robots,0.5383956970747577
robust,4.938614381634085
rock,11.407891308034744
rocks,0.0
role,1.805075344605026
roles,0.0
roof,0.0
rooftop,0.0
room,0.0
root,0.0
roots,0.0
rotating,2.631925346897607
rotation,0.0
rotavirus,12.281683814100237
roughness,3.0968120881087065
route,0.0
routes,5.233211322105368
routine,0.0
routing,0.0
royal,0.0
rubber,7.182200858274131
ruminant,0.0
runners,0.0
running,2.415087477613566
rupture,0.0
rural,0.0
russian,0.0
saccharomyces,0.0
safe,0.0
safety,1.6745212438162584
saline,3.9221267451262496
salinity,0.0
saliva,0.0
salivary,0.0
salmonella,1.4945970787218816
salt,0.0
salts,0.0
sample,6.953709514734455
samples,0.0
sampling,0.0
samut,0.0
sand,3.6282811407814015
sandy,0.0
saraburi,0.0
satellite,4.068539425091848
satisfaction,0.0
sativa,0.0
saturated,0.0
saturation,0.0
saving,0.0
scaffold,6.2437713116704305
scaffolds,0.0
scalable,0.0
scale,0.0
scales,3.077840682981797
scaling,1.8235263005094366
scanning,0.0
scattering,0.0
scavenging,32.01374684594482
scenario,0.0
scenarios,4.910034006066493
scheduling,8.696122771607232
scheme,1.2332967993257233
schemes,0.6508278758289237
schizophrenia,10.39347536014005
school,0.0
schools,4.684957040204825
science,0.0
sciences,0.6456154394122909
scientific,3.249611337747473
sclerosis,0.0
scoping,0.0
score,0.0
scores,0.0
scoring,0.0
screen,5.524952174953702
screening,0.0
screw,0.0
sea,0.0
seabass,0.0
search,0.0
searching,0.0
season,1.9774311905884938
seasonal,0.0
seawater,9.475700552200422
second,0.0
secondary,11.872698662887178
secreted,1.3880688452660253
secretion,1.5893765143943066
secretory,12.53217060316626
section,0.0
sector,1.476359456136909
security,0.0
sediment,0.0
sediments,8.037426467344966
seed,0.0
seeds,0.0
segment,5.912229593266396
segmental,1.3278815045084047
segmentation,2.071669253196279
segments,0.0
seismic,0.7924683487555909
seizure,9.451070021415424
selected,0.0
selection,0.0
selective,0.0
selectivity,0.0
semantic,0.0
semen,0.0
semigroups,3.4504681798614323
senior,0.0
sensing,8.694121231537071
sensitive,4.6880727742775
sensitivity,0.0
sensitizes,0.0
sensor,6.127337781642675
sensors,0.17324632525375164
sensory,8.105922817676827
sentence,0.0
sentiment,8.098028856120717
separation,24.473665927854807
separator,2.710681447600896
sepsis,13.140284128732159
septic,0.0
sequence,0.0
sequences,0.0
sequencing,0.0
sequential,4.610477314140979
sericin,0.0
series,20.02540108889313
serine,0.0
serological,1.992046137095465
seroprevalence,0.0
serotonin,8.65936792817696
serotype,4.11011663965093
serovar,0.4567513598471128
serum,3.0631267146578276
service,5.944792609768058
services,8.689791403560776
set,0.0
setting,0.0
settings,5.006229110086125
seven,8.320363416594665
severe,0.0
severity,10.69050309206639
sewage,6.529960202926921
sex,1.0623907937892954
sexual,0.0
sexually,0.0
shallow,8.586815356637954
shape,1.6603277366171623
shared,0.0
sharing,0.47150198944571314
shear,0.0
shedding,12.849714922805463
sheet,0.0
sheets,1.7799287602298919
shelf,7.087045624358014
shell,2.384877052401079
shielding,11.410438964313345
shift,0.0
shifts,5.2154116045316234
shock,5.30761072748775
shopping,0.0
short,0.0
shoulder,0.0
shrimp,2.752097024609369
shunt,0.0
siam,0.0
siamensis,0.0
siamese,0.0
sichang,0.0
sickness,0.0
sigma,0.0
sign,0.0
signal,0.0
signaling,0.0
signalling,3.250628071227414
signature,0.0
significance,3.2334575036505133
significant,0.0
significantly,0.0
signs,2.2466335024262607
silica,0.0
silicate,0.0
silico,3.085943661403256
silicon,0.0
silicone,0.0
silk,0.0
silver,4.564804248906182
similar,1.3101820007989138
similarity,0.0
simple,0.0
simplified,0.0
simulated,0.0
simulation,0.0
simulations,0.0
simultaneous,10.215706224411633
sindh,0.0
single,0.0
sintering,3.6914221296384886
sinus,6.267351454499199
site,9.725763996240659
sites,0.0
situ,8.276745283003148
situation,0.0
size,0.0
sizes,3.3987374461681346
sizing,0.0
skeletal,0.0
skill,0.0
skills,0.0
skin,0.0
skull,0.0
slaughtered,0.0
sleep,3.8131563261088766
slip,0.0
slope,9.684284627092936
slopes,9.314583997850773
sludge,0.8470787647408591
small,0.5258241225340304
smart,5.648213744111734
smartphone,0.0
sme,0.0
smear,0.0
smes,0.33611314458070435
smoke,0.0
smoking,0.0
sn,0.0
snail,1.8757813890840935
snails,0.0
snake,0.0
snp,0.0
social,6.861041034619263
socially,13.432810345256595
society,0.0
sociodemographic,0.0
socioeconomic,0.0
sodium,1.4329352285595012
soft,0.0
software,0.0
soil,0.0
soils,1.1058710766506052
solar,0.0
solder,0.0
solid,0.0
solubility,0.23400450224666186
solubilization,2.6089077373630554
soluble,0.0
solution,5.624370854664059
solutions,0.0
solvent,10.040184011729165
solvents,0.23684087879214744
solving,0.0
somatic,0.0
son,0.0
sonchus,3.3455752007675503
sorbent,0.0
sorption,2.1276602488862477
sound,0.0
source,5.856657231799213
sources,4.959576441947083
south,0.0
southeast,0.0
southeastern,0.6977495279536393
southern,0.0
sow,0.19293938042464273
sows,2.3208360144797275
soybean,2.734715684305836
space,4.70190017254246
spaces,0.0
spastic,1.3760157488334528
spatial,5.480024929179358
spatiotemporal,6.775523292120531
speaking,0.0
special,0.0
speciation,0.4869032752683251
species,0.0
specific,0.0
specification,0.0
specificity,0.0
specimen,0.0
specimens,0.0
spectra,3.8671976282864855
spectral,0.0
spectrometry,0.0
spectroscopic,0.0
spectroscopy,0.0
spectrum,10.225179829106361
speech,0.0
speed,0.0
spent,0.0
sperm,1.3883058464823619
spermatozoa,0.0
spherical,0.0
spider,0.8113558567743523
spike,10.560881905181963
spinal,0.0
spine,2.040412791079492
spinning,0.0
splitting,16.38297450131504
spoilage,0.0
sponge,17.97277055419853
spontaneous,0.0
sports,0.0
spot,0.0
spray,0.0
spread,4.944131983384146
spring,1.0877239830450114
sputtering,0.0
squamous,0.0
square,12.514088071516358
squares,0.0
stability,28.311661364477622
stabilization,0.0
stabilized,6.00254186758187
stabilizing,7.833821817825339
stable,21.082470474344436
stack,0.0
staff,0.0
stage,0.0
stages,0.0
staging,0.0
stain,1.051325575874128
staining,0.0
stainless,0.5372589071208197
stakeholder,1.2682225907987357
stalk,3.986536155290313
standard,3.571973572346956
standardized,0.0
standards,0.0
staphylococcus,2.0621554192205447
star,7.21529496542339
starch,0.0
stars,6.519098138364676
starter,0.0
state,0.0
statement,16.344546023879886
states,0.154207258482706
static,4.509985078388072
statin,0.0
station,5.366964361157234
stationary,0.0
stations,0.0
statistical,6.204267122672354
status,2.6397996926949596
stay,0.0
steam,0.0
steatohepatitis,0.0
steatosis,0.0
steel,0.0
stem,7.192796052057814
stems,0.0
stenosis,0.0
stent,2.264530804494857
stenting,0.0
step,0.0
steps,4.178813020958196
stereotactic,0.0
sterile,0.25115475884398564
sterilization,4.761553758736846
steroid,5.1422952143411
stiffness,0.0
stimulated,3.4944220914644664
stimulates,3.0550193022393164
stimulating,5.130857013495677
stimulation,0.0
stirred,0.0
stochastic,0.0
stock,0.0
stocks,0.20826611028435368
stone,0.0
stop,0.0
storage,0.6813964509678864
storm,3.170025695152529
story,3.1093921345409026
strain,4.417486054286948
strains,0.0
strategic,0.0
strategies,2.1111219242582204
strategy,14.408945144077316
straw,1.2926280326661261
stream,0.0
streaming,14.707480716667426
street,0.0
strength,7.956531126463665
strengthened,6.887474270623129
strengthening,2.338466114321638
streptococcus,0.0
streptomyces,0.0
stress,12.960722560974055
stresses,1.0260337473262273
strings,2.1389623114692946
strip,1.75963095748265
striped,1.2940132230113102
stroke,0.0
stromal,0.0
strong,9.968400358393398
strongly,2.1753686398990824
strontium,0.0
structural,4.733471920343324
structure,0.0
structured,2.0276403438521404
structures,7.336804960008994
student,2.3831579195144723
students,0.0
studies,0.0
study,0.0
subfamily,0.0
subject,0.0
subjected,0.0
subjective,2.0438285327399175
subjects,1.2200242834798358
submucosal,0.0
subsequent,0.0
subsets,0.0
substances,0.23028967270130674
substitution,0.0
substrate,0.0
substrates,0.0
subtilis,0.0
subtype,0.0
subtypes,4.951634374825088
subunit,0.0
suburban,0.32380604091330983
success,0.0
successful,1.079317608157717
succinic,0.0
sucrose,0.0
sugar,0.0
sugarcane,0.0
suggests,0.0
suicidal,3.7537875632469504
suis,0.0
sulfate,11.19816207852025
sulfide,0.7443662567862757
sulfonate,0.0
sulfonated,6.3246452662530785
sulfonic,5.13931284327045
sulfur,9.844347231515668
sunflower,1.1827710436919423
super,0.0
superalloy,0.9759043972268062
supercapacitor,4.778369826405387
supercapacitors,2.2277623532774675
superconducting,0.7155333608995527
superconductivity,3.0542905070913444
supercritical,7.263478126378669
supergravity,0.0
superhydrophobic,1.7348292531055518
superior,18.09561171006838
supersymmetric,0.0
supersymmetry,3.1505253645681286
supervised,5.223262310738269
supplement,0.0
supplementation,0.0
supplemented,0.08044100422171188
supplier,0.0
supply,0.0
support,0.0
supported,1.102836938176949
supporting,0.0
supports,13.55898303831184
suppressed,0.0
suppresses,0.0
suppression,0.0
supramolecular,1.608117330320991
supraspinatus,1.597693061732061
surface,0.0
surfaces,0.0
surfactant,10.099364032004331
surfactants,0.0
surgery,2.692472466543342
surgical,0.0
surrounding,1.3969589135381333
surveillance,0.35225589755040365
survey,0.0
surveys,0.0
survival,0.0
survivors,1.5040389113695545
susceptibility,5.350581101261331
suspected,0.0
suspension,0.0
sustainability,0.0
sustainable,10.430545129263571
sustained,2.023038798095406
suture,0.0
swamp,0.0
swarm,2.6538903926548616
sweet,0.0
swine,0.0
switching,0.0
symmetric,12.60361144073867
symmetry,0.0
symposium,0.1903988994721154
symptom,3.3534973844790805
symptomatic,1.9703094321842993
symptoms,0.0
synbiotic,6.0478990373082135
synchronous,0.0
syncytial,2.8126212630723235
syndrome,0.0
syndromes,0.0
synechococcus,0.0
synechocystis,0.0
synergistic,1.9821444754816573
synergistically,0.0
synergy,0.0
syngas,0.0
synovial,0.45782206165656625
synthase,0.0
syntheses,0.0
synthesis,0.0
synthesized,0.0
synthetic,0.0
syphilis,0.0
systematic,0.0
systemic,0.0
systems,0.0
ta,0.0
table,0.0
tablets,0.0
tacrolimus,0.0
tailings,0.0
tailoring,0.046337719395863154
taiwan,3.0480258348106037
tak,0.0
takeover,6.322919941758583
taking,0.0
tandem,0.0
tank,9.58810137251742
tannic,0.0
tapioca,0.0
target,1.2371014967194063
targeted,3.695200314060295
targeting,0.0
targets,0.0
task,4.189988307243916
taste,10.01201382527159
tax,0.0
taxi,8.958387018668757
taxonomic,0.0
taxonomy,8.743564554699214
tb,1.4856309973228694
tea,15.346666428140677
teacher,0.0
teachers,6.60501859954007
teaching,0.0
team,0.0
tear,0.15261462368235124
technical,0.0
technique,1.6908694847721353
techniques,0.0
technological,34.409638302034814
technologies,0.0
technology,1.9705457115517089
teeth,4.200761806455795
telemedicine,4.179578445313789
telomere,0.0
tembusu,0.0
temperature,0.0
temperatures,0.0
template,0.0
temporal,0.0
tendon,1.1272477373280114
tenofovir,0.0
tensile,3.5948679772465315
tension,0.0
term,0.0
terminal,22.38916352233564
terms,0.0
ternary,0.0
ternatea,8.508319030879193
terrestrial,3.082688951182181
tertiary,0.0
test,0.0
testes,0.0
testicular,0.0
testing,0.0
tests,0.0
tetracycline,0.0
tev,0.6448063068660833
text,0.0
textile,11.294027844097892
textual,0.0
texture,1.1088695173149847
thai,0.0
thailand,0.0
thais,0.0
thalassemia,0.0
theorem,4.3111297756848135
theoretical,0.0
theories,6.693305451478131
theory,0.7687696774972824
therapeutic,15.724144266294068
therapy,9.57741424777913
thermal,0.0
thermally,0.0
thermochromic,11.490481451469206
thermodynamic,0.19355717558239585
thermodynamics,9.831725844291821
thermophilic,0.0
thermoplastic,1.9266402639701343
thickness,0.0
things,24.57014149186522
thinking,4.44592546176515
thoracic,0.0
thread,0.0
threats,0.0
threshold,0.0
thrombocytopenia,0.0
thromboembolism,0.0
thrombosis,8.074093689239366
thunbergia,0.0
thyroid,0.0
tiger,0.0
tight,7.236589648160016
tilapia,0.2021269932006361
time,15.534541477832104
timed,0.0
times,2.1576718418185736
timing,3.265354691457449
tin,1.8768130038295605
tire,10.915128734357674
tissue,0.9642299449917581
tissues,4.48993750735599
tistr,1.7603056369251515
titania,0.0
titanium,0.0
tobacco,0.0
tolerance,0.0
tomato,28.846228047674558
tomographic,0.13602590008657456
tomography,1.7597069407434505
tongue,0.0
tool,0.0
tools,0.0
tooth,1.7281346353038847
topical,0.0
topography,2.5370513251179325
topoisomerase,0.0
topological,0.0
torque,0.0
total,4.87171721934344
toughening,0.0
toughness,0.7207272229078515
tourism,1.0868676943113378
tourist,0.0
toxic,0.0
toxicity,0.0
toxin,1.4341516792735844
trabecular,0.0
trace,0.0
tracking,0.0
tract,0.0
trade,0.0
trading,0.0
traditional,0.0
traffic,0.0
train,0.5012683690828409
training,0.0
trait,1.2848595461896504
traits,5.100139525287121
trajectory,0.0
transboundary,7.7567416542508925
transcatheter,0.0
transcriptase,0.0
transcription,0.0
transcriptional,6.4272115379488275
transcriptome,0.0
transcriptomic,5.369107637275646
transdermal,28.471760601805858
transesterification,6.059225761382743
transfer,2.417771353285737
transforaminal,3.802075308412062
transform,0.4387587699096822
transformation,0.0
transformations,0.0
transformer,0.0
transforming,0.0
transfusion,0.0
transgender,6.878244967909945
transgenic,0.0
transient,0.0
transit,3.328264847221331
transition,0.0
translation,1.6121955961529353
translocation,2.3366517066740937
transmission,0.0
transmitted,0.0
transplant,0.0
transplantation,0.0
transport,2.90330565123683
transportation,0.0
transporter,0.0
transversely,6.264951791805458
trap,0.0
trapping,2.5493105346009797
traps,1.391290295844708
trauma,0.0
travel,0.8934660626466383
treat,2.024399764286319
treated,0.0
treating,43.06330232844854
treatment,3.7636669475032454
treatments,8.804364851073592
tree,1.598600314222756
trees,1.6011188086355435
tremor,3.285403564359519
trend,5.492897667095725
trends,0.0
trial,0.0
trials,9.895925336321692
triangular,13.550223827397579
triassic,0.0
tribological,0.0
trigeminal,0.0
trigger,3.5657289275118926
triggered,12.473733515833276
trimester,3.5729408167453465
triple,0.0
tropical,0.0
tropics,1.960453348673715
true,0.312713539495942
trunk,3.060756042105562
trust,0.0
trypanosoma,4.100687374725842
tryptophan,3.7437564524028737
tsunami,0.0
tube,0.0
tuberculosis,0.0
tumor,5.187840728731843
tumors,0.0
tumour,0.7707319645436922
tunable,0.69378193238586
tungsten,0.0
tuning,22.51232465056536
tunnel,5.169625267413063
tunnels,6.9700861176946525
turbine,0.0
turbulent,0.0
turning,0.0
turnover,0.0
twin,2.6861824648830894
twitter,0.0
tylototriton,2.590029799515553
type,1.5958756074835485
types,0.0
typical,1.7504622102300362
typing,0.0
tyrosinase,7.084952451244996
tyrosine,2.1077794717324156
ulcerative,0.0
ulcers,0.0
ultrafiltration,0.0
ultrafine,0.0
ultrasonographic,0.0
ultrasonography,0.0
ultrasound,7.407998417514763
ultrastructural,1.2396265120544814
ultrastructure,0.0
ultraviolet,0.0
uncertainty,4.15019621388983
uncovering,0.026409555825337872
undergoing,0.0
undergraduate,0.0
underground,17.3306618387851
underlying,0.0
understand,0.0
understanding,67.96791125009733
underwent,0.0
undrained,8.506418768135829
uniform,0.0
unilateral,0.0
unique,0.0
unit,0.2632115194598071
united,0.0
units,3.578074728609052
universal,2.660848379117095
universities,2.004348872376993
university,0.0
unknown,11.22837636452261
unlocking,0.0
unraveling,0.0
unsaturated,2.1445050725224277
unsupervised,7.421688582999893
unsupported,16.34151066970637
unusual,0.0
unveiling,0.0
update,11.131235520887646
updated,0.0
upgrading,0.0
upper,0.0
upregulation,1.1232130219956553
uptake,5.3890358690940845
uranium,0.0
urban,0.0
urea,0.0
uremic,5.1491266283562585
urinary,0.0
urine,1.8693313893680994
urolithiasis,0.0
usability,0.0
usage,0.0
use,0.0
used,0.0
useful,0.0
usefulness,1.3166547010568521
user,0.0
users,0.0
using,0.9634821761129705
usnea,0.15047253627974208
uterine,0.0
utilisation,18.5344126284124
utility,0.0
utilization,0.0
utilizing,6.665688437674886
uv,0.0
uveitis,0.0
vacancy,0.0
vaccinated,0.0
vaccination,5.272275518490476
vaccine,6.783627844626889
vaccines,0.37599410474167577
vacuum,0.0
vaginal,2.624262608935063
validation,0.0
validity,3.8811190418194847
valorization,9.652491903056532
valuable,0.0
value,0.0
values,0.0
valve,0.0
van,0.0
vanadium,9.565787691336382
vancomycin,0.4833899780760808
vanillin,5.26053517572147
vannamei,0.0
vapor,0.0
variability,8.998259988939287
variable,0.0
variables,2.163207709908027
variant,0.0
variants,0.0
variation,0.0
variations,0.8721936713946742
various,1.5543279422010685
varying,0.0
vascular,0.0
vector,0.0
vectors,0.0
vegetable,0.8984053486720629
vegetation,0.0
vehicle,0.0
vehicles,34.322231626197386
vehicular,0.0
vein,0.0
velocity,0.0
venom,0.0
venous,0.0
ventilation,0.0
ventricular,2.0945048055422544
verbal,0.0
verification,1.471100115621357
version,9.25494124061617
versus,2.183567993968815
vertebral,0.0
vertical,0.0
vessel,0.0
veterinary,0.0
vetiver,2.1831713984244896
viability,0.0
vibration,4.451920493593268
vibrations,2.894905870837939
vibrio,0.0
video,0.0
videos,0.0
vietnam,0.0
vietnamese,0.0
view,0.0
village,0.0
vinyl,0.0
viper,0.0
viral,5.80968145391925
virologically,0.0
virtual,0.0
virulence,80.22453031940724
virus,0.0
viruses,0.0
viscosity,1.8438644871448815
visible,11.66131053762224
vision,0.0
visiting,0.0
visual,3.4739856363739836
visualization,0.0
vitamin,0.0
vitro,0.0
vivax,0.5159126162204366
vivo,0.0
voice,0.0
volatile,0.0
voltage,7.003244743656864
volume,0.0
volumetric,0.0
volunteers,0.0
vs,20.92390935475413
vulcanizates,0.0
vulcanization,4.196495110533529
vulcanized,0.0
vulgaris,1.0110307662275035
vulnerability,0.0
waals,0.0
walk,0.0
walking,0.0
wall,0.0
walls,0.0
war,0.0
warehouse,0.0
warfarin,6.07605787512118
warning,0.0
washing,6.401035187022701
wasp,0.0
waste,2.7584800262582547
wastes,0.0
wastewater,0.0
water,0.0
waters,0.0
wave,0.0
wax,0.0
waxy,0.0
way,0.0
weakly,0.0
wear,2.9589347364213845
wearable,3.6885318505409486
wearing,0.0
weather,0.0
web,0.0
weight,2.0921622300218443
weighted,0.0
welding,0.0
welfare,0.0
west,0.0
western,0.0
wet,0.0
wetting,0.0
white,0.0
wild,7.339012037856491
willingness,8.991946190294263
wind,10.336469111891171
window,0.34463106356681406
wire,0.0
wireless,0.0
wnt,0.0
woman,0.0
women,0.0
wood,0.0
wooden,0.5863504762958764
word,0.0
words,0.0
work,10.225892617047956
workers,0.0
workflow,1.9603872087580012
workforce,0.0
working,9.51173285264247
workshop,0.0
world,0.0
worsens,11.979533180433652
wound,10.917624119560088
wounds,0.0
writing,0.0
written,0.0
xanthones,0.0
year,2.3062381118452677
years,2.8704828212940607
yeast,0.0
yeasts,0.0
yellow,0.0
yield,1.0241714411575178
yields,0.1335510711028483
yolk,0.0
yom,0.0
young,2.0828270400567583
youth,4.5132624448617245
youths,0.0
zealand,0.0
zebrafish,0.9492807243444642
zeolite,0.0
zeolites,14.902817905992856
zeolitic,0.0812453884786646
zero,0.0
zika,1.0514089054032252
zinc,26.58306723958758
zircon,3.3171567171954837
zirconia,0.0
zirconium,1.479206241881495
zn,5.449073840772492
zno,0.0
zone,0.0
zones,0.0
zoonotic,9.363180833067393
zr,1.4859972268303814
zwitterionic,0.0
