node1,node2
Nasamran C.,Amonsin A.
Morris G.,Puri B.K.
Pavasant P.,Egusa H.
Rasmi Y.,Aramwit P.
Hebert P.D.N.,Butcher B.A.
Chansaenpak K.,Rashatasakhon P.
Moreira E.G.,Carvalho A.F.
Van Damme P.,Poovorawan Y.
Collin S.,Julien F.H.
Vadivel S.,Gracia F.
Ayub M.S.,Rodriguez D.Z.
Rengpipat S.,Chailapakul O.
Pongwisuthiruchte A.,Potiyaraj P.
Saadi M.,Sasithong P.
Visuttipitukul P.,Qian M.
Hetta H.F.,Hozzein W.N.
Zhang D.,Insin N.
Quicke D.L.J.,Hebert P.D.N.
Choden S.,Bychkov A.
Yuktanandana P.,Honsawek S.
Wang J.,Zhu H.
Kasetsomboon N.,Khantikulanon N.
Nakasu T.,Amornkitvikai Y.
Damkerngsuntorn W.,Asawanonda P.
Pichyangkura R.,Muanprasat C.
Jirawattanasomkul T.,Likitlersuang S.
Mon P.P.,Tun T.N.
Phumyoo T.,Tansatit T.
Dong H.T.,Kayansamruaj P.
Praphanwittaya P.,Jansook P.
Yakoh A.,Siangproh W.
Sansureerungsikul T.,Wanichwecharungruang S.
Ratnarathon A.C.,Prasithsirikul W.
Manley H.,Paisarnsrisomsuk N.
Hibino T.,Waditee-Sirisattha R.
Pholyotha A.,Sutcharit C.
Sooampon S.,Sooampon S.
Jermsittiparsert K.,Somjai S.
Ngor P.B.,Panha S.
Thatsanathorn T.,Poovorawan Y.
Liu Z.,Jermsittiparsert K.
Intakhan N.,Chanmol W.
Khondee N.,Luepromchai E.
Aungsuroch Y.,McDaniel A.M.
Sukmas W.,Pinsook U.
Damkerngsuntorn W.,Kumtornrut C.
Laomeephol C.,Kanokpanont S.
Sutcharit C.,Jeratthitikul E.
Chatrabhuti A.,Samart D.
Dong H.T.,Pirarat N.
Phewpan A.,Ohshima C.
Bulaon C.J.I.,Phoolcharoen W.
Elhalawani H.,Zhu H.
Shin J.,An K.
Tran T.T.V.,Reubroycharoen P.
Honda M.,Waditee-Sirisattha R.
Poolprasert P.,Huang S.
Chen Y.,Wang Y.
Thunyakitpisal P.,Qin J.
Praserthdam P.,Panpranot J.
Hoang T.T.T.L.,Sukpirom N.
Sirivichayakul S.,de Lima Pedrao J.V.
Stott J.,Bamiou D.E.
Saket O.,Tchernycheva M.
Kao-Ian W.,Nguyen M.T.
Chiewhawan T.,Vateekul P.
Bathini T.,Sharma K.
Keeratipibul S.,Phuwapraisirisan P.
Toojinda T.,Comai L.
Ridtitid W.,Piyachaturawat P.
Saket O.,Collin S.
Lin X.,Suen M.-C.
Stott C.J.,Nilubol D.
Spanninger P.M.,Buchanan R.L.
Buchanan R.L.,Danyluk M.D.
Kulvichit W.,Eiam-Ong S.
Rakthanmanon T.,Nutanong S.
Somjai S.,Jermsittiparsert K.
Kobayashi K.,Isa T.
Korkerd K.,Chalermsinsuwan B.
Apornpong T.,Kerr S.J.
Duong T.-H.,Le Pogam P.
Hengphasatporn K.,Rungrotmongkol T.
Intakhan N.,Bates P.A.
Illes B.,Mohamad A.A.
Zhao Y.,Zhu H.
Vutthikraivit W.,Mingbunjerdsuk T.
Tian M.-W.,Tian X.-X.
Rattananupong T.,Jiamjarasrangsi W.
Suttanon P.,Jiamjarasrangsi W.
Okhawilai M.,Rimdusit S.
Kamolvisit W.,Suphapeetiporn K.
Wisunthorn S.,Nakason C.
Moreira E.G.,Kanchanatawan B.
Poovorawan K.,Pan-ngum W.
Katemake P.,Pasanphan W.
Rongwaree N.,Thanachayanont C.
Sakdarat P.,Prichanont S.
Takkavatakarn K.,Katavetin P.
Geyer Y.,Mason L.
Ren Z.,Liu R.
Chokmangmeepisarn P.,Rodkhum C.
Zhang P.,Vitidsant T.
Zavasnik J.,Kalcher K.
Methaapanon R.,Pavarajarn V.
He Z.,Ashokkumar V.
Piumsomboon P.,Chalermsinsuwan B.
Song T.,Kondoh K.
Theerapanon T.,Shotelersuk V.
Engelberg R.A.,Curtis J.R.
Thubsuang U.,Chotirut S.
Chattranukulchai P.,Kerr S.J.
Zhang R.,Qin J.
Himwas C.,Bayle F.
Rajendran S.,Durgalakshmi D.
Bun S.,Painmanakul P.
Chawaloesphonsiya N.,Painmanakul P.
Cheng H.,Adisakwattana S.
Nhung N.T.,Chansiripornchai N.
Jeamsripong S.,Lejeune J.
Spanninger P.M.,Persad A.K.
Chiengthong K.,Mao M.A.
Traipop S.,Chuanuwatanakul S.
Kongparakul S.,Guan G.
Jitjamnong J.,Kongrit N.
Prasanth M.I.,Tencomnao T.
Chang M.R.,Chen Y.-H.
Sun Z.,Assabumrungrat S.
Ashokkumar V.,Ngamcharussrivichai C.
Tangsripongkul P.,Jearanaiphaisarn T.
Tangphati T.,Channuie P.
Kijpaisalratana N.,Suwanwela N.C.
Utoomprurkporn N.,Costafreda S.G.
Thongmee T.,Vongpunsawad S.
Wasitthankasem R.,Vongpunsawad S.
Takkavatakarn K.,Praditpornsilpa K.
Klangkaew N.,Poapolathep A.
Kulvichit W.,Praditpornsilpa K.
Tongkerd P.,Panha S.
Sivamaruthi B.S.,Tencomnao T.
Mahalapbutr P.,Rungrotmongkol T.
Piewbang C.,Techangamsuwan S.
Ren Z.,Zhang X.
de Carvalho Jennings Pereira W.L.,Lozovoy M.A.B.
Kallaur A.P.,Lozovoy M.A.B.
Karndumri P.,Nuchino P.
Maneeintr K.,Boonpramote T.
Urwannachotima N.,Prasertsom P.
Cao J.,Zhang X.
Umeda J.,Qian M.
Auphimai C.,Poovorawan Y.
Bielawski C.W.,Rimdusit S.
Chintanapakdee C.,Ino E.
Khamdahsag P.,Wannapaiboon S.
Jirabovornwisut T.,Arpornwichanop A.
Cheungpasitporn W.,Cato L.D.
Venkatkarthick R.,Zhang X.
Wacharachaisurapol N.,Puthanakit T.
Sirariyakul T.,Tomcharoen N.
Kewcharoen J.,Prasitlumkum N.
Chutinet A.,Suwanwela N.C.
Nantavithya C.,Shotelersuk K.
Travers L.,Julien F.H.
Suwannarong K.,Ponlap T.
Zhang L.,Guo J.
Karnjanakom S.,Chanlek N.
Sanachai K.,Rungrotmongkol T.
Okawa H.,Osathanon T.
Chuangsuwanich E.,Nutanong S.
Maes M.,Berk M.
Jitmahantakul S.,Kanjanapayont P.
Somwangthanaroj A.,Kheawhom S.
Qin J.,Sawangphruk M.
Maes M.,Carvalho A.F.
Yoobanpot N.,Jongpradist P.
Phuwaprisirisan P.,Techaruvichit P.
Lertjitbanjong P.,Bathini T.
Jarujamrus P.,Amatatongchai M.
Jitjamnong J.,Kasetsomboon N.
Siriwut W.,Srisonchai R.
Han W.M.,Avihingsanon A.
Sronsri C.,Sittipol W.
Jirawattanasomkul T.,Ueda T.
Jaree P.,Tassanakajon A.
Poapolathep S.,Giorgi M.
Bidorn B.,Phanomphongphaisarn N.
Saiwan C.,Nithitanakul M.
Cao Y.,Nojavan S.
Hussain H.I.,Haseeb M.
Hussain H.I.,Jermsittiparsert K.
Zhang L.,Zheng Y.
Huda S.,Yasin M.
Srisonchai R.,Sutcharit C.
Srivichai P.,Chavalparit O.
Vongvasinkul P.,Suwanwela N.C.
Panpetch W.,Leelahavanichkul A.
Cao J.,Insin N.
Ferreira H.,Damrongsakkul S.
Palaga T.,Wanichwecharungruang S.
Thanoosing C.,Traiyasut P.
Poungparn S.,Umnouysin S.
Lertjitbanjong P.,Mao M.A.
Panpetch W.,Wilantho A.
Pongpirul K.,Ratnarathon A.C.
Ngoennet S.,Waditee-Sirisattha R.
Kunjara-Na-Ayudhya R.,Yindeengam A.
Tangkijngamvong N.,Kumtornrut C.
Rungkitwattanakul D.,Srisawat N.
Gunawan J.,Aungsuroch Y.
Sritularak B.,Likhitwitayawuid K.
Comai L.,Chadchawan S.
Jantarabenjakul W.,Suchartlikitwong P.
Qin J.,Vadivel S.
Rodprasert W.,Pavasant P.
Rassamee K.,Siripong P.
Mekraksakit P.,Pattison R.J.
Piamsomboon P.,Wongtavatchai J.
Honda M.,Hibino T.
Jeratthitikul E.,Jirapatrasilp P.
Phaonakrop N.,Roytrakul S.
Sirivichayakul S.,Barbosa D.S.
Leelawat N.,Tang J.
Stott J.,Costafreda S.G.
Cattoni A.,Collin S.
Bun S.,Ham P.
Mase L.Z.,Likitlersuang S.
Yih Hui B.,Mohamad S.
Pittayakhajonwut P.,Tanasupawat S.
Chayanupatkul M.,Schiano T.D.
Kettratad J.,Sudtongkong C.
Yuki M.,Kudo T.
Chattranukulchai P.,Avihingsanon A.
Boustie J.,Le Pogam P.
Jienkulsawad P.,Arpornwichanop A.
Jienkulsawad P.,Chen Y.-S.
Bin-Alee F.,Kitkumthorn N.
Srimongkol P.,Saisavoey T.
San H.T.,Sritularak B.
Thongprayoon C.,Bathini T.
Pornprasertsuk R.,Kheawhom S.
Janpila A.,Ruangrassamee A.
Patipong T.,Kageyama H.
Khamkongkaeo A.,Yimnirun R.
Waditee-Sirisattha R.,Kageyama H.
Praneenararat T.,Maher S.
Pearodwong P.,Tummaruk P.
Song T.,Qian M.
Cao Y.,Jermsittiparsert K.
Kittipongvises S.,Lohwacharin J.
Kulvichit W.,Lumlertgul N.
Sangtanoo P.,Karnchanatat A.
Vajragupta O.,Rojsitthisak P.
Pinsook U.,Ahuja R.
Kintarak S.,Subarnbhesaj A.
Chokesuwattanaskul A.,Chokesuwattanaskul R.
Fritzsche S.,Caro J.
Syazali M.,Umam R.
Tretipskul C.,Tummaruk P.
Posuwan N.,Vongpunsawad S.
Hengphasatporn K.,Chavasiri W.
Bates P.A.,Jariyapan N.
Thongprayoon C.,Ungprasert P.
Gong J.,Assabumrungrat S.
Krisanachinda A.,Monzen H.
Phongsopitanun W.,Tanasupawat S.
Flauzino T.,Oliveira S.R.
Siriwattananon K.,Phoolcharoen W.
Xue Z.,Phisalaphong M.
Jongsomjit B.,Panpranot J.
Lin C.-Y.,Chen Y.-H.
Jitaree B.,Rungsawang C.
Venkatappa M.,Anantsuksomsri S.
Nonpanya N.,Chanvorachote P.
Kim-Lohsoontorn P.,Assabumrungrat S.
Anugulruengkitt S.,Pancharoen C.
Maes M.,Puri B.K.
Mingbunjerdsuk T.,Nugent K.
Mingbunjerdsuk T.,Islam S.
Kotheeranurak V.,Limthongkul W.
Issara-Amphorn J.,Leelahavanichkul A.
Katavetin P.,Praditpornsilpa K.
Apornpong T.,Sangarlangkarn A.
Tuntulani T.,Pulpoka B.
Makjaroen J.,Pisitkun T.
Cato L.D.,Chokesuwattanaskul R.
Wongsakulphasatch S.,Laosiripojana N.
Kiatkittipong K.,Assabumrungrat S.
Rosenblat J.D.,Berk M.
Reis R.L.,Damrongsakkul S.
Giorgi M.,Wongwaipairote T.
Ohkuma M.,Phongsopitanun W.
Chaijamorn W.,Charoensareerat T.
Tachaboon S.,Srisawat N.
Maes M.,Matsumoto A.K.
Kodaka A.,Ino E.
Rodsiri R.,Likhitwitayawuid K.
Chiengthong K.,Bathini T.
Mochizuki T.,Luengnaruemitchai A.
Townamchai N.,Avihingsanon Y.
Boonyoung P.,Poolprasert P.
Jirapatrasilp P.,Panha S.
Thontiravong A.,Amonsin A.
Puenpa J.,Poovorawan Y.
Alahmad W.,Varanusupakul P.
Mahlendorf F.,Kheawhom S.
Poungparn S.,Kato S.
Tanaviriyachai T.,Singhatanadgige W.
Kanjanaumporn J.,Seresirikachorn K.
Suwanyangyaun P.,Sanorpim S.
Salleh N.A.,Mohamad A.A.
Chiengthong K.,Ungprasert P.
Suchartlikitwong S.,Islam S.
Budsaratragoon P.,Jitmaneeroj B.
Tumwasorn S.,Somboonna N.
Urwannachotima N.,Hanvoravongchai P.
Supakata N.,Papong S.
Wijayasekara S.K.,Wuttisittikulkij L.
Dinhuzen J.,Srisawat N.
Kerr S.J.,Avihingsanon A.
Juthamanee P.,Tummaruk P.
Makarapong D.,Tantayanon S.
Phanomchoeng G.,Wuttisittikulkij L.
Kanchanasin P.,Phongsopitanun W.
Tsuppayakorn-aek P.,Pinsook U.
Phokaew C.,Shotelersuk V.
Carvalho A.,Berk M.
Thanapirom K.,Komolmit P.
Lee R.Y.,Modes M.E.
Tolek W.,Suriye K.
Mehrotra R.,Arnold S.
Ruxrungtham K.,Avihingsanon A.
Oehler F.,Collin S.
Shigeta Y.,Rungrotmongkol T.
Somboon P.,Bates M.D.
Kiet B.T.,Chansiripornchai N.
Roomruangwong C.,Maes M.
Teengam P.,Chailapakul O.
Kulvichit W.,Tungsanga K.
Suwannarong K.,Amonsin A.
Gowanit C.,Inchaisri C.
Lumlertgul N.,Peerapornratana S.
Maes M.,Kanchanatawan B.
Dong H.T.,Senapin S.
Ngamrojanavanich N.,Chailapakul O.
Pongsa U.,Okhawilai M.
Ayub M.S.,Wuttisittikulkij L.
Panpranot J.,Jongsomjit B.
Sriratanasak N.,Wattanathana W.
Fritzsche S.,Janke W.
Luengnaruemitchai A.,Khantikulanon N.
Krittayaphong R.,Kunjara-Na-Ayudhya R.
Likhitrakarn N.,Jeratthitikul E.
Prasanth M.I.,Chaiyasut C.
U-yen K.,Sittipol W.
Thanapirom K.,Srisoonthorn N.
Chansaenroj J.,Chirathaworn C.
Auepattana-aumrung C.,Praserthdam P.
Kijtawornrat A.,Bupha-Intr T.
Assabumrungrat S.,Gong J.
Faungnawakij K.,Klaysom C.
Reamtong O.,Karnchanatat A.
Srisawat N.,Leelahavanichkul A.
Yunibhand J.,Turale S.
Dumrongrojwatthana P.,Trebuil G.
Ngarmukos S.,Honsawek S.
Brimson J.M.,Tencomnao T.
Shanmugaraj B.,Phoolcharoen W.
Mabrok M.,Rodkhum C.
Subbalekha K.,Mattheos N.
Amornkitbamrung L.,Um S.H.
Sukwattanasinitt M.,Rashatasakhon P.
Kijpaisalratana N.,Vongvasinkul P.
Siangproh W.,Chaiyo S.
Tansakul M.,Pisitkun T.
Saket O.,Cattoni A.
Saket O.,Julien F.H.
Komiyama A.,Kato S.
Hien V.B.,Campbell J.
Lejeune J.,Danyluk M.D.
Senjuntichai T.,Rajapakse R.K.N.D.
Kanitsoraphan C.,Rattanawong P.
Ren Z.,Qin J.
Jiraungkoorskul W.,Huang S.
Chusak C.,Adisakwattana S.
Okhawilai M.,Jubsilp C.
Wongwiwatchai N.,Pongkham P.
Chaijamorn W.,Pattharachayakul S.
Jeratthitikul E.,Panha S.
Ferron S.,Chavasiri W.
Thurain K.,Nasamran C.
Thurain K.,San Y.Y.
Trongtorsak A.,Prasitlumkum N.
Lomphithak T.,Tohtong R.
Traiyasut P.,Warrit N.
Choden S.,Jung C.K.
Venkatkarthick R.,Liu R.
Kettratad J.,Jiraungkoorskul W.
Ngampitipan T.,Simpson A.
Jirapatrasilp P.,Sutcharit C.
Khlaiphuengsin A.,Chuaypen N.
Singkham-In U.,Wannigama D.L.
Hosseini S.,Kheawhom S.
Wuttisittikulkij L.,Saadi M.
Charoentitirat T.,Nutzel A.
Hodgson T.,McMillan R.
Kumar B.G.,Vadivel S.
Sukswai N.,Khoury J.D.
Limcharoen B.,Wanichwecharungruang S.
Foytong P.,Ruangrassamee A.
Limraksasin P.,Kondo T.
Klykleung N.,Ohkuma M.
Wannigama D.L.,Hongsing P.
Thongchuam Y.,Panyakaew P.
Janetanakit T.,Bunpapong N.
Chusilp S.,Lee D.
Modes M.E.,Engelberg R.A.
Rokaya D.,Thunyakitpisal P.
Quicke D.L.J.,Belokobylskij S.A.
Li Y.,Jermsittiparsert K.
Pakvisal P.,Chatsuwan T.
Manoy P.,Tanavalee A.
Qin J.,Gracia F.
Srisuttee R.,Mahattanasakul P.
Chawaloesphonsiya N.,Ham P.
Liu R.,Zhu H.
Chaiyabutr N.,Poapolathep A.
Werawatganon D.,Siriviriyakul P.
Boonserm P.,Visser M.
Yuki M.,Tanasupawat S.
Asawanonda P.,Rerknimitr P.
Boonsombuti A.,Luengnaruemitchai A.
Praserthdam S.,Rittiruam M.
Nilaratanakul V.,Hauer D.A.
Piewbang C.,Kongmakee P.
Maertens K.,Poovorawan Y.
Thongmee T.,Srimuan D.
Palma G.A.,Sypsas S.
Malisorn K.,Tanasupawat S.
Yen N.T.P.,Chansiripornchai N.
Sarwar R.,Rakthanmanon T.
Soatthiyanon N.,Aumnate C.
Ponpesh P.,Shotipruk A.
Svasti S.,Fucharoen S.
KLONGTHONG W.,NGAMKROECKJOTI C.
Tomcharoen N.,Jermsittiparsert K.
Zhao Y.,Qin J.
Wongwiwatchai N.,Sripanidkulchai K.
Khezri R.,Kheawhom S.
Jampasa S.,Siangproh W.
Kumar B.G.,Gracia F.
Sunantaraporn S.,Siriyasatien P.
Pattison R.J.,Rattanawong P.
Kongparakul S.,Wang J.
Sutcharit C.,Thach P.
Beratto E.,Sacchi M.
Muller M.,Jeschke S.
Zhang R.,Liu R.
Nojavan S.,Jermsittiparsert K.
Tsuppayakorn-Aek P.,Ahuja R.
Peerapornratana S.,Tungsanga K.
de Carvalho Jennings Pereira W.L.,Maes M.
Jermsittiparsert K.,Ghadimi N.
Kojonna T.,Chadchawan S.
Udomsinprasert W.,Vejchapipat P.
Chamni S.,Rungrotmongkol T.
Manopwisedjaroen S.,Thitithanyanont A.
Pavatung P.,Eiam-Ong S.
Chamnanphon M.,Puangpetch A.
Ondee T.,Leelahavanichkul A.
Sirivichayakul S.,Kanchanatawan B.
Ramakul P.,Pancharoen U.
Manoy P.,Yuktanandana P.
Jeamsripong S.,Buchanan R.L.
Peerapornratana S.,Praditpornsilpa K.
Praneenararat T.,Vilaivan T.
Chokmangmeepisarn P.,Kayansamruaj P.
Krittayaphong R.,Yindeengam A.
Kongkam P.,Ridtitid W.
Tantituvanont A.,Nilubol D.
Phungphong S.,Wattanapermpool J.
Panpetch W.,Tumwasorn S.
Li H.,Gong J.
Parnianifard A.,Zemouche A.
Kamyab H.,Ashokkumar V.
de Oliveira Semeao L.,Kanchanatawan B.
Chatsuwan T.,Rerknimitr R.
Tansakul M.,Makjaroen J.
Tumkot L.,Kida T.
Oehler F.,Julien F.H.
Suntronwong N.,Poovorawan Y.
Kim-Lohsoontorn P.,Gong J.
Kasetsuwan N.,Reinprayoon U.
Kongparakul S.,Chanlek N.
Falniowski F.,Piliouras G.
Rerknimitr P.,Asawanonda P.
Angsuwatcharakon P.,Rerknimitr R.
Kongmakee P.,Banlunara W.
Sirivichayakul S.,de Oliveira Semeao L.
Michelin A.P.,Kanchanatawan B.
Mon P.P.,San Y.Y.
Phaonakrop N.,Suriyaphol G.
Vachiraphan A.,Uttayamakul S.
Tangkijvanich P.,Treeprasertsuk S.
Tangjaturonrasme N.,Kerekhanjanarong V.
Arunrungvichian K.,Vajragupta O.
Suantawee T.,Cheng H.
Thammacharoen S.,Chaiyabutr N.
Kondo T.,Osathanon T.
Senarat S.,Pengsakul T.
Zhang D.,Wang S.
Li B.,Pierro A.
Zemouche A.,Wuttisittikulkij L.
Sutcharit C.,Pholyotha A.
Chaiyo S.,Chailapakul O.
Vajragupta O.,Towiwat P.
Thongprayoon C.,Chokesuwattanaskul R.
Nguyen M.T.,Pornprasertsuk R.
You J.-J.,Chen S.-C.
Charoenkitamorn K.,Chaiyo S.
Fritzsche S.,Hannongbua S.
Boonsnongcheep P.,Sritularak B.
Jeratthitikul E.,Ngor P.B.
Boonyapisitsopa S.,Thontiravong A.
Kanokpanont S.,Neves N.M.
Petsri K.,Tungsukruthai S.
Ungprasert P.,Mao M.A.
Issariyapat A.,Qian M.
Kiatkittipong W.,Assabumrungrat S.
Somsesta N.,Aht-Ong D.
Sutcharit C.,Lin A.
Alizadeh A.,Jermsittiparsert K.
Toojinda T.,Chadchawan S.
Jiirasutat N.,Jitaree B.
Nguyen V.V.,Rodkhum C.
Yuki M.,Pittayakhajonwut P.
Supasena W.,Muangnoi C.
Srisoonthorn N.,Treeprasertsuk S.
Praserthdam P.,Assabumrungrat S.
Kertsomboon T.,Chirachanchai S.
Mon P.P.,Nasamran C.
Prasitlumkum N.,Vutthikraivit W.
Choksi S.,Tohtong R.
Phewpan A.,Phuwaprisirisan P.
Wanlapakorn N.,Vongpunsawad S.
Saelee T.,Rungrotmongkol T.
Tachaboon S.,Leelahavanichkul A.
Kuncorojakti S.,Srisuwatanasagul S.
Matsumoto A.K.,Sirivichayakul S.
Suchartlikitwong S.,Motes A.
Jitjamnong J.,Luengnaruemitchai A.
Okawa H.,Pavasant P.
Cao J.,Wang S.
Pongkitivanichkul C.,Samart D.
Phadungcharoen T.,Sukrong S.
Angsujinda K.,Smith D.R.
Jeratthitikul E.,Pholyotha A.
de Oliveira Semeao L.,Barbosa D.S.
Nguyen A.H.L.,Tiawsirisup S.
Keawsawasvong S.,Ukritchon B.
Busayaporn W.,Bovornratanaraks T.
Lee V.S.,Rungrotmongkol T.
Chokesuwattanaskul R.,Bathini T.
Laoveeravat P.,Nugent K.
Boonsnongcheep P.,Likhitwitayawuid K.
Berk M.,Carvalho A.F.
Reubroycharoen P.,Tsubaki N.
Sitthiyotha T.,Chunsrivirot S.
Urumarudappa S.K.J.,Sukrong S.
Panchaprateep R.,Kumtornrut C.
Suriye K.,Panpranot J.
Wattanapermpool J.,Bupha-Intr T.
Angsujinda K.,Assavalapsakul W.
Traiphol N.,Traiphol R.
Anugulruengkitt S.,Puthanakit T.
Porter S.,Shephard M.
Bayle F.,Julien F.H.
Tsuppayakorn-Aek P.,Bovornratanaraks T.
Wongwaipairoj T.,Poapolathep A.
McDaniel A.M.,Marzilli C.
Chaiyo S.,Siangproh W.
Sriratanasak N.,Nonpanya N.
Hanvoravongchai P.,Ansah J.P.
Hanittinan O.,Phoolcharoen W.
Kongkam P.,Rerknimitr R.
Xue Z.,Chen H.
Eiam-Ong S.,Srisawat N.
Lin C.-Y.,Assavalapsakul W.
Matsumoto A.K.,de Oliveira Semeao L.
Chotsuwan C.,Chailapakul O.
Rungrotmongkol T.,Chavasiri W.
San H.T.,Putalun W.
de Carvalho Jennings Pereira W.L.,Simao A.N.C.
Cao J.,Qin J.
Khlaiphuengsin A.,Sodsai P.
Suphapeetiporn K.,Porntaveetus T.
Wang W.-H.,Urbina A.N.
Lu P.-L.,Wang S.-F.
Quicke D.L.J.,Austin A.D.
Komiyama A.,Pravinvongvuthi T.
Hasriadi,Towiwat P.
Yen N.T.P.,Campbell J.
Chiengthong K.,Cato L.D.
Motes A.,Rakvit A.
Prompetchara E.,Ketloy C.
Maes M.,Szemraj J.
Charoenwongpaiboon T.,Field R.A.
Duong T.-H.,Ferron S.
Hodgson T.,Shephard M.
Katavetin P.,Susantitaphong P.
Lai J.C.,Johansen K.L.
Samthong C.,Somwangthanaroj A.
Nhung N.T.,Kiet B.T.
Dartois S.,Lionni L.
Nutho B.,Wolschann P.
Visitchanakun P.,Svasti S.
Boonchuduang T.,Yimnirun R.
Simpson A.,Visser M.
Likhitrakarn N.,Ngor P.B.
Sorasitthiyanukarn F.N.,Rojsitthisak P.
Kumtornrut C.,Asawanonda P.
Suksawatamnuay S.,Srisoonthorn N.
Bilad M.R.,Jaafar J.
Zhang D.,Cao J.
Siwamogsatham S.,Sangarlangkarn A.
Boonyong C.,Jianmongkol S.
Siangliw J.L.,Comai L.
Tansakul M.,Pisitkun P.
Mahattanasakul P.,Kitkumthorn N.
Fisher M.L.,McDaniel A.M.
Pongpirul K.,Pongpirul W.A.
Tran T.T.V.,Kongparakul S.
Yu D.,Jermsittiparsert K.
Saengchai S.,Jermsittiparsert K.
Laoveeravat P.,Mingbunjerdsuk T.
Mattheos N.,Pimkhaokham A.
Laosiripojana N.,Kim-Lohsoontorn P.
Sangphech N.,Palaga T.
Jermsittiparsert K.,Nasseri M.
Venkatappa M.,Sasaki N.
Srisuwatanasagul S.,Sawangmake C.
Lertjitbanjong P.,Ungprasert P.
Makarapong D.,Inchaisri C.
Udomsinprasert W.,Poovorawan Y.
Jirawattanasomkul T.,Wuttiwannasak N.
Thim-uam A.,Pisitkun P.
Ondee T.,Dang C.P.
Leuridan E.,Poovorawan Y.
Sharma K.,Cheungpasitporn W.
Reubroycharoen P.,Vitidsant T.
Zhang L.,Ngaw C.K.
Brimson S.,Tencomnao T.
Chusilp S.,Li B.
Kanjanabuch T.,Katavetin P.
Chansaenroj J.,Poovorawan Y.
Puthong S.,Palaga T.
Visitchanakun P.,Leelahavanichkul A.
Sooksamphanwong C.,Sakdarat P.
Toprangkobsin P.,Wanichwecharungruang S.
Giorgi M.,Klangkaew N.
Lozovoy M.A.B.,Reiche E.M.V.
Karnjanakom S.,Samart C.
Olaru S.,Kheawhom S.
Skogestad S.,Arpornwichanop A.
Tangkijngamvong N.,Asawanonda P.
Pattharaprachayakul N.,Incharoensakdi A.
Chang M.R.,Wang S.-F.
Saeng-chuto K.,Nilubol D.
Panha S.,Sutcharit C.
Nasamran C.,San Y.Y.
Phung N.K.P.,Chi H.B.L.
Kulsing C.,Marriott P.J.
Suwannarong K.,Bubpa N.
Wolschann P.,Hannongbua S.
Peerapornratana S.,Kellum J.A.
Oliveira S.R.,Simao A.N.C.
Wanichwecharungruang S.,Banlunara W.
Tran T.T.V.,Guan G.
Suksawatamnuay S.,Poovorawan Y.
Kitphati R.,Poovorawan Y.
Subbalekha K.,Pimkhaokham A.
Palaga T.,Leelahavanichkul A.
Sema T.,Posoknistakul P.
Sutcharit C.,Panha S.
Duong T.-H.,Beniddir M.A.
Ridtitid W.,Pakvisal P.
Chotsuwan C.,Siangproh W.
Bissen R.,Chawchai S.
Pungjunun K.,Kalcher K.
Urbina A.N.,Chen Y.-H.
Klaewkla M.,Pichyangkura R.
Fisher M.L.,Marzilli C.
Wanlapakorn N.,Thongmee T.
Jampasa S.,Chailapakul O.
Porter S.,McMillan R.
Hirankarn N.,Leelahavanichkul A.
Simao A.N.C.,Reiche E.M.V.
Thongprayoon C.,Cheungpasitporn W.
Alfieri D.F.,Kaimen-Maciel D.R.
Zhang L.,Wang S.
Mee-Ngoen B.,Sirariyakul T.
Boonyapisitsopa S.,Amonsin A.
Boonchuen P.,Somboonwiwat K.
Kewcharoen J.,Trongtorsak A.
Anuyahong T.,Adisakwattana S.
Wongsamut C.,Manuspiya H.
Sangtanoo P.,Saisavoey T.
Lestari F.B.,Wanlapakorn N.
Ng T.H.,Pholyotha A.
Chaimanee Y.,Chavasseau O.
Janpoom S.,Rongmung P.
Du J.,Suen M.-C.
Udomkarnjananun S.,Eiam-Ong S.
Patipong T.,Waditee-Sirisattha R.
Chotibut T.,Falniowski F.
Thach P.,Ngor P.B.
Eaimsumang S.,Luengnaruemitchai A.
Pipattanasomporn M.,Rahman S.
Soongprasit K.,Sricharoenchaikul V.
Al-Hakeim H.K.,Almulla A.F.
Boustie J.,Chavasiri W.
Michelin A.P.,Barbosa D.S.
Chakkabat C.,Shotelersuk K.
Chi J.,Peichl M.
Teeratorn N.,Rerknimitr R.
Giorgi M.,Chaiyabutr N.
Kaewkamnerdpong I.,Krisdapong S.
Falniowski F.,Misiurewicz M.
Chhuoy S.,Siriwut W.
Thongmee T.,Poovorawan Y.
Tungsanga K.,Srisawat N.
Kittiskulnam P.,Praditpornsilpa K.
Chong C.T.,Ashokkumar V.
Leelawat N.,Chintanapakdee C.
Manoy P.,Honsawek S.
Hasriadi,Rojsitthisak P.
Kanjanaumporn J.,Aeumjaturapat S.
Joob B.,Wiwanitkit V.
Salleh N.A.,Kheawhom S.
Hien V.B.,Chansiripornchai N.
Chen S.-Y.,Mochizuki T.
Alfieri D.F.,Kallaur A.P.
Promarak V.,Thamyongkit P.
Urwannachotima N.,Ansah J.P.
Madapong A.,Tantituvanont A.
Boonpai S.,Jongsomjit B.
Klaewkla M.,Wangpaiboon K.
Leelawat N.,Kodaka A.
Prakairungnamthip D.,Thontiravong A.
Chusilp S.,Pierro A.
Lee C.,Pierro A.
Jia Y.,Chen H.
Wang W.-H.,Chang M.R.
Abdullah B.,Snidvongs K.
Thubsuang U.,Wongkasemjit S.
Nguyen V.-K.,Le Pogam P.
Gunawan J.,Marzilli C.
Wanno B.,Kaewtong C.
Mohamed A.S.R.,Fuller C.D.
Persad A.K.,Kniel K.E.
Limcharoen B.,Sansureerungsikul T.
Qian M.,Kondoh K.
Kranrod C.,Tokonami S.
Jaroonwitchawan T.,Somboonna N.
Kijtawornrat A.,Wattanapermpool J.
Suthiwartnarueput K.,Yang Z.
Yonezawa T.,Kheawhom S.
Pakvisal P.,Rerknimitr R.
Sakdarat P.,Thanachayanont C.
Limthongkul W.,Singhatanadgige W.
Sivaramakrishnan R.,Pugazhendhi A.
Cheungpasitporn W.,Bathini T.
Pincak R.,Kanjamapornkul K.
Hosoda M.,Tokonami S.
Thammacharoen S.,Chanpongsang S.
Kumnorkaew P.,Vas-Umnuay P.
Patcharavorachot Y.,Arpornwichanop A.
Wongwirat T.,Manuspiya H.
Zhu T.,Wu J.
Nasamran C.,Bunpapong N.
Chaijamorn W.,Srisawat N.
Tun T.N.,Amonsin A.
Tuntulani T.,Kaewtong C.
Pakvisal P.,Kongkam P.
Tanavalee A.,Honsawek S.
Kuchonthara P.,Ngamcharussrivichai C.
Fritzsche S.,Chokbunpiam T.
Sohn A.H.,Chokephaibulkit K.
Srisoonthorn N.,Poovorawan Y.
Sitthiyot T.,Holasut K.
Wilantho A.,Leelahavanichkul A.
Chong C.T.,Ng J.-H.
Srimuan D.,Thatsanathorn T.
Rodprasert W.,Osathanon T.
Peerapornratana S.,Eiam-Ong S.
Wolschann P.,Rungrotmongkol T.
Yasin M.,Syazali M.
Wiboonchutikula P.,Buddhivanich A.
Lee R.Y.,Engelberg R.A.
Wang Y.,Chen H.
McMillan R.,Ni Riordain R.
Umnouysin S.,Pravinvongvuthi T.
Suchartlikitwong S.,Mingbunjerdsuk T.
Puri B.K.,Maes M.
Katavetin P.,Eiam-Ong S.
Hiengrach P.,Chatthanathon P.
Ranong P.N.,Posoknistakul P.
Luanpitpong S.,Chanvorachote P.
Makjaroen J.,Pisitkun P.
Srimongkol P.,Reamtong O.
Chiengthong K.,Cheungpasitporn W.
Sharma K.,Mao M.A.
Chokesuwattanaskul A.,Thongprayoon C.
Flauzino T.,Alfieri D.F.
Jermsittiparsert K.,Aunyawong W.
Thitithanyanont A.,Phoolcharoen W.
Sonsiri K.,Treeprasertsuk S.
Chen Y.,Chen H.
Thim-uam A.,Leelahavanichkul A.
Lin C.-Y.,Wang S.-F.
Boonpai S.,Praserthdam P.
Parnklang T.,Mora P.
Kanokpanont S.,Damrongsakkul S.
Rongwaree N.,Pungetmongkol P.
Aeumjaturapat S.,Chusakul S.
Chewcharat A.,Eiam-Ong S.
Poapolathep S.,Phaochoosak N.
Spanninger P.M.,Jay-Russell M.T.
Kazemi M.,Jermsittiparsert K.
Chayanupatkul M.,Siriviriyakul P.
Berk M.,Puri B.K.
Kumar V.,Maitra S.S.
Alfieri D.F.,Lozovoy M.A.B.
Kewcharoen J.,Charoenpoonsiri N.
Khamkeaw A.,Jongsomjit B.
Roomruangwong C.,Sirivichayakul S.
Chiengthong K.,Lertjitbanjong P.
Reubroycharoen P.,Wang J.
Yu D.,Nojavan S.
Lektip C.,Rattananupong T.
Phadungcharoen T.,Tungphatthong C.
Chatthanathon P.,Somboonna N.
Smith D.R.,Kettratad J.
Piewbang C.,Banlunara W.
Choden S.,Keelawat S.
Bathini T.,Vallabhajosyula S.
Bootchanont A.,Khamkongkaeo A.
Thongkhao K.,Phadungcharoen T.
Thanachayanont C.,Pungetmongkol P.
Saethang T.,Pisitkun T.
Himwas C.,Oehler F.
Topalcengiz Z.,Lejeune J.
Cato L.D.,Mao M.A.
Laoveeravat P.,Motes A.
Nugent K.,Rakvit A.
Panpetch W.,Somboonna N.
Udomsinprasert W.,Honsawek S.
Berk M.,Maes M.
Ramprakash B.,Incharoensakdi A.
Apornpong T.,Ruxrungtham K.
Leelawat N.,Ino E.
Punchkhon C.,Siangliw J.L.
Jiirasutat N.,Rungsawang C.
Hengphasatporn K.,Shigeta Y.
Rodsiri R.,Sritularak B.
Chawchai S.,Tan L.
Liu R.,Qin J.
Hodge K.,Pisitkun T.
Phongsopitanun W.,Pittayakhajonwut P.
Pholyotha A.,Tongkerd P.
Werawatganon D.,Chayanupatkul M.
Jubsilp C.,Rimdusit S.
Chusilp S.,Vejchapipat P.
Parnklang T.,Jubsilp C.
Pongpirul K.,Prasithsirikul W.
Ma Y.-X.,Cui Y.-J.
Lin X.,Du J.
Komolmit P.,Tangkijvanich P.
Lertjitbanjong P.,Cato L.D.
Thongprayoon C.,Vallabhajosyula S.
Traipop S.,Chailapakul O.
Wacharapluesadee S.,Hemachudha T.
Reutrakul S.,Chirakalwasan N.
Srisonchai R.,Ngor P.B.
Sutcharit C.,Ngor P.B.
Jantaratana P.,Rojsitthisak P.
Zhang L.,Chen Y.
Limraksasin P.,Okawa H.
Quicke D.L.J.,Ward D.F.
Suppasri A.,Imamura F.
Hariguna T.,Ruangkanjanases A.
Van Hong Bui L.,Stitmannaithum B.
Tangjaturonrasme N.,Kitkumthorn N.
Saadi M.,Wuttisittikulkij L.
Jeamsripong S.,Persad A.K.
Mao M.A.,Chokesuwattanaskul R.
Zhang D.,Liu R.
Kranrod C.,Hosoda M.
Chaikhumwang P.,Tantituvanont A.
Udomkarnjananun S.,Susantitaphong P.
Chotibut T.,Piliouras G.
Praditpornsilpa K.,Eiam-Ong S.
Chotirut S.,Manmuanpom N.
Chaiyasak S.,Banlunara W.
Himwas C.,Tchernycheva M.
Saisavoey T.,Choowongkomon K.
Wangyao P.,Qin J.
Prasitlumkum N.,Chokesuwattanaskul R.
Chokesuwattanaskul A.,Mao M.A.
Suwannarong K.,Suwannarong K.
Kallaur A.P.,Reiche E.M.V.
Saoraya J.,Musikatavorn K.
Chariyalertsak S.,Kessomboon P.
Vejchapipat P.,Honsawek S.
Rattanapisit K.,Manopwisedjaroen S.
Kiattinirachara T.,Posoknistakul P.
Suthiwartnarueput K.,Zhang D.
Klinfueng S.,Poovorawan Y.
Wongphoom J.,Leelahavanichkul A.
Eiam-Ong S.,Susantitaphong P.
Sukmanee T.,Pienpinijtham P.
Laichuthai N.,Abdul-Ghani M.
Zhang M.,Osathanon T.
Puri B.K.,Olive L.
Choodej S.,Pudhom K.
Thongkhao K.,Sukrong S.
Jongsomjit B.,Praserthdam P.
Chobaomsup V.,Boonyongmaneerat Y.
Janpoom S.,Prasertlux S.
Jampasa S.,Chaiyo S.
Fedele S.,Shephard M.
Thammahong A.,Chiewchengchol D.
Thavaraputta S.,Rakvit A.
Guan G.,Samart C.
Kudo T.,Phongsopitanun W.
Auepattana-aumrung C.,Panpranot J.
Marquez V.,Praserthdam P.
Jaeger J.-J.,Chaimanee Y.
Charoenwongpaiboon T.,Pichyangkura R.
Khanantong C.,Traiphol N.
Phewpan A.,Takahashi H.
Gatechompol S.,Avihingsanon A.
Intakhan N.,Jariyapan N.
Kheawhom S.,Illes B.
Tang J.,Chintanapakdee C.
Rungsawang C.,Tansatit T.
Manuspiya H.,Zhu L.
Su K.-P.,Szemraj J.
Lumlertgul N.,Ostermann M.
Teeratorn N.,Komolmit P.
Ueda T.,Zhang D.
Wannakao S.,Praserthdam P.
Zemouche A.,Imran M.A.
Pongpirul W.A.,Panitantum N.
Bates M.D.,Jariyapan N.
Poapolathep S.,Klangkaew N.
Laoveeravat P.,Vutthikraivit W.
Vutthikraivit W.,Rakvit A.
Muangkaew P.,Vilaivan T.
Vitidsant T.,Yang G.
Ruangrassamee A.,Hussain Q.
Su K.-P.,Maes M.
Lektip C.,Sirisuk K.-O.
Praserthdam S.,Somdee S.
Maeboonruen N.,Eiam-Ong S.
Wang W.-H.,Wang S.-F.
de Oliveira Semeao L.,Moreira E.G.
Pongpirul W.A.,Pongpirul K.
Mohdee V.,Phatanasri S.
Phumyoo T.,Jiirasutat N.
Shephard M.,Ni Riordain R.
Saket O.,Travers L.
Bayle F.,Tchernycheva M.
Yen N.T.P.,Nhung N.T.
Chen S.-Y.,Takagi H.
Sookaromdee P.,Wiwanitkit V.
Chansaenroj J.,Vongpunsawad S.
Senarat S.,Jiraungkoorskul W.
Rashid U.,Nehdi I.A.
Kongparakul S.,Karnjanakom S.
Szemraj J.,Galecki P.
Manmuanpom N.,Chaisuwan T.
Siwamogsatham S.,Kerr S.J.
Yoobanpot N.,Jamsawang P.
Utoomprurkporn N.,Bamiou D.E.
Siangliw J.L.,Toojinda T.
Nantavithya C.,Fuller C.D.
Poapolathep S.,Chaiyabutr N.
Ukritchon B.,Keawsawasvong S.
Reis R.L.,Neves N.M.
Guan G.,Chanlek N.
Makarapong D.,Gowanit C.
Golovatch S.I.,Sutcharit C.
Han W.M.,Gatechompol S.
Muangnoi C.,Tanasupawat S.
Chentanez N.,Muller M.
Wisunthorn S.,Pichaiyut S.
Saeng-chuto K.,Tantituvanont A.
Nhujak T.,Kulsing C.
Phuakpunk K.,Chalermsinsuwan B.
Chatsuwan T.,Kongkam P.
Laosiripojana N.,Shotipruk A.
Laoveeravat P.,Suchartlikitwong S.
Visuttipitukul P.,Kondoh K.
Song T.,Umeda J.
Chattranukulchai P.,Ruxrungtham K.
Aldabergenov Y.,Ketov S.V.
Sunantaraporn S.,Phumee A.
Reamtong O.,Choowongkomon K.
Phaochoosak N.,Wongwaipairoj T.
Tian X.-X.,Jermsittiparsert K.
Hibino T.,Kageyama H.
Oliveira S.R.,Maes M.
Chantarasinlapin P.,Adisakwattana S.
Sukmanee T.,Ekgasit S.
Tretipskul C.,Panyathong R.
Pluengphon P.,Bovornratanaraks T.
Thongkhao K.,Tungphatthong C.
Maes M.,Sirivichayakul S.
Piyachaturawat P.,Rerknimitr R.
Ruangkanjanases A.,Chen S.-C.
Jansook P.,Pruksakorn P.
Wongkitrungrueng A.,Assarut N.
Topalcengiz Z.,Kniel K.E.
Bathini T.,Chokesuwattanaskul R.
Klaikeaw N.,Siriviriyakul P.
Muchan P.,Saiwan C.
Tian M.-W.,Yan S.-R.
Werawatganon D.,Klaikeaw N.
Jaroonwitchawan T.,Leelahavanichkul A.
Saket O.,Himwas C.
Nasution T.H.,Harahap L.A.
Yahaya M.Z.,Illes B.
Lestari F.B.,Vongpunsawad S.
Limjeerajarus N.,Limjeerajarus C.N.
Panpetch W.,Chatthanathon P.
Senarat S.,Huang S.
Kudo T.,Tanasupawat S.
Jafari S.,Ebrahimi M.
Cheacharoen R.,Kheawhom S.
Chancheewa B.,Asawanonda P.
Srimongkol P.,Choowongkomon K.
Wongravee K.,Ozaki Y.
Persad A.K.,Jay-Russell M.T.
Panklang N.,Wisitsoraat A.
Limraksasin P.,Egusa H.
Joyklad P.,Hussain Q.
Shanmugaraj B.,Manopwisedjaroen S.
Vongpunsawad S.,Poovorawan Y.
Michelin A.P.,Carvalho A.F.
Vachiraphan A.,Prasithsirikul W.
Fedele S.,McMillan R.
Muangnapoh T.,Vas-Umnuay P.
Julien F.H.,Tchernycheva M.
Sheshadri A.,Johansen K.L.
Topalcengiz Z.,Spanninger P.M.
Kiatkittipong W.,Gong J.
Pasittungkul S.,Vongpunsawad S.
Hengphasatporn K.,Boonyasuppayakorn S.
Misiurewicz M.,Piliouras G.
Nakasu T.,Mokkhamakkul T.
Cao J.,Zhang D.
Yorsaeng R.,Poovorawan Y.
Wiwatcharakornkul W.,Sukrong S.
Oo Y.,Phoolcharoen W.
Dang C.P.,Leelahavanichkul A.
Austin A.D.,Fagan-Jeffries E.P.
Wang Q.,Jermsittiparsert K.
Posuwan N.,Wanlapakorn N.
Praditpornsilpa K.,Susantitaphong P.
Udomkarnjananun S.,Praditpornsilpa K.
Rene E.R.,Lens P.N.L.
Tantayanon S.,Inchaisri C.
Boonyoung P.,Huang S.
Gatechompol S.,Kerr S.J.
Yorsaeng R.,Kitphati R.
Algammal A.M.,Hozzein W.N.
Lee R.Y.,Sathitratanacheewin S.
Sawangphruk M.,Zhang X.
Laomeephol C.,Neves N.M.
Jongpradist P.,Likitlersuang S.
Ountaksinkul K.,Assabumrungrat S.
Laosiripojana N.,Gong J.
Damkerngsuntorn W.,Kerr S.J.
Issariyapat A.,Song T.
Urbina A.N.,Assavalapsakul W.
Limothai U.,Chuaypen N.
Thongchom C.,Aboutaha R.S.
Atong D.,Sricharoenchaikul V.
Quicke D.L.J.,Fagan-Jeffries E.P.
Austin A.D.,Butcher B.A.
Boonyong C.,Vardhanabhuti N.
Chatsuwan T.,Piyachaturawat P.
Piroonpan T.,Katemake P.
Tumkot L.,Shotipruk A.
Yen N.T.P.,Kiet B.T.
Petsri K.,Vinayanuwattikun C.
Charoenkitamorn K.,Chailapakul O.
Motes A.,Islam S.
Kanchanatawan B.,Carvalho A.F.
Cheng C.K.,Assabumrungrat S.
Klykleung N.,Kudo T.
Jeratthitikul E.,Sutcharit C.
Sawaswong V.,Payungporn S.
Gunawan J.,Fisher M.L.
Costafreda S.G.,Bamiou D.E.
Jung C.K.,Bychkov A.
Srimara P.,Vas-Umnuay P.
Ketprasit N.,Palasuwan D.
Ritprajak P.,Leelahavanichkul A.
Wang J.,Guan G.
Lim J.W.,Assabumrungrat S.
Simao A.N.C.,Kaimen-Maciel D.R.
Praphanwittaya P.,Saokham P.
Zhang M.,Egusa H.
Palanuvej C.,Ruangrungsi N.
Supasena W.,Rojsitthisak P.
Teeratorn N.,Treeprasertsuk S.
Delamare-Deboutteville J.,Mohan C.V.
Siralertmukul K.,Rodthongkum N.
Srimuan D.,Poovorawan Y.
Ramakul P.,Phatanasri S.
Umnouysin S.,Sangtiean T.
Sivaramakrishnan R.,Incharoensakdi A.
Plabutong N.,Thammahong A.
Zhang H.,Jermsittiparsert K.
Rungamornrat J.,Limkatanyu S.
Lu P.-L.,Chen Y.-H.
Wanlapakorn N.,Thatsanathorn T.
Bin-Alee F.,Mahattanasakul P.
Anantsuksomsri S.,Duangkaew S.
Thongpan I.,Poovorawan Y.
Chotirut S.,Wongkasemjit S.
Sawaswong V.,Dang C.P.
Imran M.A.,Wuttisittikulkij L.
Jamsawang P.,Jongpradist P.
Piroonpan T.,Pasanphan W.
Sooksamphanwong C.,Pungetmongkol P.
Phuwaprisirisan P.,Keeratipibul S.
Obada D.O.,Dodoo-Arhin D.
Kubera M.,Maes M.
Susantitaphong P.,Praditpornsilpa K.
Suwannarong K.,Bupha N.
Boisdon C.,Praneenararat T.
Visuttipitukul P.,Song T.
Xue Z.,Zhang X.
Kittiskulnam P.,Eiam-Ong S.
Sricharoenchaikul V.,Aht-Ong D.
Pauwels R.,Jacobs R.
Vardhanabhuti N.,Jianmongkol S.
Wasana P.W.D.,Rojsitthisak P.
Krisanachinda A.,Nishimura Y.
Laoveeravat P.,Islam S.
Visitchanakun P.,Fucharoen S.
Kongrit N.,Khantikulanon N.
Kanchanasin P.,Ohkuma M.
Kudo T.,Ohkuma M.
Intasiri A.,Bell T.W.
Wanlapakorn N.,Poovorawan Y.
Ruchirawat S.,Kittakoop P.
Chaimanee Y.,Suraprasit K.
Chanmol W.,Bates P.A.
Kazemi M.,Nojavan S.
Wanlapakorn N.,Puenpa J.
Chanpongsang S.,Chaiyabutr N.
Tian M.-W.,Jermsittiparsert K.
Ma M.,Liu R.
Likhitrakarn N.,Golovatch S.I.
Mee-Ngoen B.,Tomcharoen N.
Issariyapat A.,Visuttipitukul P.
Lee P.T.-W.,Suthiwartnarueput K.
Fagan-Jeffries E.P.,Butcher B.A.
Chattranukulchai P.,Siwamogsatham S.
Maes M.,de Oliveira Semeao L.
San H.T.,Mekboonsonglarp W.
Spanninger P.M.,Kniel K.E.
Kewcharoen J.,Rattanawong P.
Boonyakitanont P.,Songsiri J.
Jitjamnong J.,Khantikulanon N.
Charoenkul K.,Nasamran C.
Chhuoy S.,Srisonchai R.
Osathanon T.,Pavasant P.
Morris G.,Maes M.
Likitlersuang S.,Ueda T.
Modes M.E.,Curtis J.R.
Prasertlux S.,Khamnamtong B.
Wannapaiboon S.,Tanboonchuy V.
Saejew T.,Pavatung P.
McMillan R.,Shephard M.
Mutirangura A.,Kitkumthorn N.
Gatechompol S.,Ruxrungtham K.
Supasitthumrong T.,Carvalho A.F.
Chiengthong K.,Thongprayoon C.
Thongprayoon C.,Mao M.A.
Chokesuwattanaskul R.,Cheungpasitporn W.
Kanthawee P.,Suwannarong K.
Zhang P.,Reubroycharoen P.
Zhang L.,Wan S.
Kaneko G.,Sudtongkong C.
Sukmas W.,Bovornratanaraks T.
Sirichana W.,Wang X.
Suriye K.,Jongsomjit B.
Sema T.,Jiraratananon R.
Sangarlangkarn A.,Kerr S.J.
Thurain K.,Aye A.M.
Vinayanuwattikun C.,Chanvorachote P.
Kasemsiri P.,Hiziroglu S.
Vichaiwattana P.,Vongpunsawad S.
Boonyasuppayakorn S.,Rungrotmongkol T.
Ektarawong A.,Bovornratanaraks T.
Sukswai N.,Lyapichev K.
Cheungpasitporn W.,Chokesuwattanaskul R.
Keawploy N.,Venkatkarthick R.
Khonsue W.,Nishikawa K.
Wang S.,Qin J.
Hongsing P.,Chatsuwan T.
Ahuja R.,Bovornratanaraks T.
Suwannakarn K.,Poovorawan Y.
Panpetch W.,Sawaswong V.
Tumwasorn S.,Leelahavanichkul A.
Tian H.,Gong J.
Phuakpunk K.,Assabumrungrat S.
de Oliveira Semeao L.,de Lima Pedrao J.V.
Punchkhon C.,Plaimas K.
Kim-Lohsoontorn P.,Wongsakulphasatch S.
Kijima K.,Nishimura Y.
Al-Hakeim H.K.,Al-Dujaili A.H.
Wang Q.,Nojavan S.
Yang G.,Tsubaki N.
Chhuoy S.,Ngor P.B.
Pakornchote T.,Bovornratanaraks T.
Macklin M.,Muller M.
Lee R.Y.,Kross E.K.
Wannakao S.,Jongsomjit B.
Puangpetch A.,Sukasem C.
Wang W.-H.,Lu P.-L.
Vachiraphan A.,Pongpirul K.
Kayansamruaj P.,Pirarat N.
Yahaya M.Z.,Mohamad A.A.
Jarujamrus P.,Meelapsom R.
Zhu T.,Rojsitthisak P.
Chetruengchai W.,Shotelersuk V.
Pichaiyut S.,Kiatkamjornwong S.
Rerknimitr P.,Panchaprateep R.
Auepattana-aumrung C.,Jongsomjit B.
Abbasi A.,Kheawhom S.
Thitithanyanont A.,Wang S.-F.
Ward D.F.,Butcher B.A.
Ranong P.N.,Jiraratananon R.
Wongsakulphasatch S.,Assabumrungrat S.
Nhung N.T.,Hien V.B.
Chen S.-Y.,Luengnaruemitchai A.
Jung C.K.,Kakudo K.
Chhuoy S.,Panha S.
Macklin M.,Jeschke S.
Soanuch C.,Piumsomboon P.
Carvalho A.F.,Kanchanatawan B.
Kodaka A.,Watanabe K.
Porter S.,Hodgson T.
Kerekhanjanarong V.,Kitkumthorn N.
Topalcengiz Z.,Danyluk M.D.
Vallabhajosyula S.,Chokesuwattanaskul R.
Thavaraputta S.,Vutthikraivit W.
Pungjunun K.,Mehmeti E.
Tanavalee A.,Tantavisut S.
Osathanon T.,Egusa H.
Tongkobpetch S.,Suphapeetiporn K.
Bunpapong N.,Amonsin A.
Lee D.,Pierro A.
Khamwut A.,Payungporn S.
Wiriyakijja P.,Shephard M.
Sooksamphanwong C.,Prichanont S.
Ngamchuachit P.,Keeratipibul S.
Kanchanasin P.,Tanasupawat S.
Petsri K.,Chanvorachote P.
Yen N.T.P.,Hien V.B.
Meelapsom R.,Amatatongchai M.
Shin J.,Kim H.
Suraprasit K.,Jaeger J.-J.
Sangkaew A.,Yompakdee C.
Yan S.-R.,Jermsittiparsert K.
Kesavayuth D.,Zikos V.
Poapolathep S.,Wongwaipairote T.
Thach P.,Chhuoy S.
Su K.-P.,Galecki P.
Janetanakit T.,Thontiravong A.
Quicke D.L.J.,Butcher B.A.
Kettratad J.,Assavalapsakul W.
Sirivichayakul S.,Matsumoto A.K.
Keelawat S.,Jung C.K.
Buchanan R.L.,Kniel K.E.
Saisorn W.,Leelahavanichkul A.
Puncreobutr C.,Lohwongwatana B.
Klykleung N.,Yuki M.
Supasena W.,Tanasupawat S.
Sirichana W.,Neufeld E.V.
Sronsri C.,U-yen K.
Vejchapipat P.,Pierro A.
Suksawatamnuay S.,Treeprasertsuk S.
Chen Y.,Phisalaphong M.
Pisitkun P.,Leelahavanichkul A.
Phungphong S.,Bupha-Intr T.
Panpetch W.,Payungporn S.
Bajpai A.,Ullah I.
Limsrivilai J.,Aniwan S.
Mahattanasakul P.,Mutirangura A.
Chanchao C.,Oldroyd B.P.
Han W.M.,Ruxrungtham K.
Buchanan R.L.,Jay-Russell M.T.
Yan S.-R.,Tian X.-X.
Wilantho A.,Chatthanathon P.
Svasti S.,Leelahavanichkul A.
Kettratad J.,Kaneko G.
Likhitrakarn N.,Srisonchai R.
Chusilp S.,Lee C.
Suriye K.,Praserthdam P.
Wang W.-H.,Chen Y.-H.
Waongenngarm P.,Janwantanakul P.
Thaveesangsakulthai I.,Kulsing C.
Jitaree B.,Tansatit T.
Sattayanon C.,Namuangruk S.
Rosa R.L.,Rodriguez D.Z.
Sintusek P.,Poovorawan Y.
Sarwar R.,Nutanong S.
Chaisuwan T.,Wongkasemjit S.
Techaumnat B.,Wisitsoraat A.
Simao A.N.C.,Lozovoy M.A.B.
Qin J.,Ma M.
Sutcharit C.,Tongkerd P.
Ohkuma M.,Pittayakhajonwut P.
Rongwaree N.,Prichanont S.
Chentanez N.,Kim T.-Y.
Tungphatthong C.,Sukrong S.
Rerknimitr P.,Kumtornrut C.
Assavalapsakul W.,Thitithanyanont A.
Tian H.,Sun Z.
Tanavalee A.,Ngarmukos S.
Pongsa U.,Hiziroglu S.
Worasilchai N.,Chindamporn A.
Chen T.,Rahman S.
Mochizuki T.,Takagi H.
Limcharoen B.,Toprangkobsin P.
Anugulruengkitt S.,Jantarabenjakul W.
Ngamcharussrivichai C.,Nehdi I.A.
de Carvalho Jennings Pereira W.L.,Oliveira S.R.
Siriwut W.,Ngor P.B.
Damkerngsuntorn W.,Tangkijngamvong N.
Pongkham P.,Sripanidkulchai K.
Ondee T.,Payungporn S.
Ng T.H.,Panha S.
Duong T.-H.,Boustie J.
Matsumoto A.K.,Michelin A.P.
Tangphati T.,Samart D.
Kayansamruaj P.,Rodkhum C.
Ohshima C.,Techaruvichit P.
Chen Y.-S.,Arpornwichanop A.
Venkatappa M.,Smith B.
Luengnaruemitchai A.,Kasetsomboon N.
Chavasiri W.,Rungrotmongkol T.
Alfieri D.F.,Oliveira S.R.
Phaochoosak N.,Wongwaipairote T.
Lee R.Y.,Curtis J.R.
Pandey R.B.,Sompornpisut P.
Wannakao S.,Panpranot J.
Wangpaiboon K.,Field R.A.
Chansaenpak K.,Sukwattanasinitt M.
Sangvanich P.,Thunyakitpisal P.
Flauzino T.,Simao A.N.C.
Saisorn W.,Svasti S.
Pavasant P.,Jarunglumlert T.
Watsuntorn W.,Chulalaksananukul W.
Prombutara P.,Sukrong S.
Kamolvisit W.,Porntaveetus T.
Rokaya D.,Qin J.
Zhang X.,Insin N.
Austin A.D.,Hebert P.D.N.
Al-Dujaili A.H.,Maes M.
Koy V.,Turale S.
Suantawee T.,Thilavech T.
Sukswai N.,Medeiros L.J.
Keawploy N.,Wangyao P.
Kongrit N.,Kasetsomboon N.
Thach P.,Panha S.
Issariyapat A.,Kondoh K.
Curtis J.R.,Kross E.K.
Charoenwongpaiboon T.,Chunsrivirot S.
Lin A.,Panha S.
Cao Y.,Wang Q.
Takkavatakarn K.,Eiam-Ong S.
Kheawhom S.,Mohamad A.A.
Chawchai S.,Wang X.
Chokesuwattanaskul R.,Lertjitbanjong P.
Chotirut S.,Chaisuwan T.
Cao Y.,Wang Z.
Pulpoka B.,Kaewtong C.
Komiyama A.,Sangtiean T.
Muangnoi C.,Vajragupta O.
Kanjamapornkul K.,Bartos E.
Karagiannidis P.,Rimdusit S.
Thubsuang U.,Chaisuwan T.
Hiengrach P.,Somboonna N.
Srisuttee R.,Tangjaturonrasme N.
Edwards S.W.,Chiewchengchol D.
Suwannarong K.,Kanthawee P.
Hotarat W.,Rungrotmongkol T.
Liu J.-B.,Qiu G.
Umam R.,Jermsittiparsert K.
Oo Y.,Rattanapisit K.
Nimsamer P.,Pisitkun T.
Kuamsab N.,Jongwutiwes S.
Butta P.,Palaga T.
Debnath P.P.,Delamare-Deboutteville J.
Jindapon W.,Ngamcharussrivichai C.
Prasitlumkum N.,Mekraksakit P.
Pisitkun T.,Pisitkun P.
Khamkeaw A.,Phisalaphong M.
Mingbunjerdsuk T.,Rakvit A.
Sriyakul T.,Jermsittiparsert K.
Teeraananchai S.,Singtoroj T.
Rattananupong T.,Suttanon P.
Macklin M.,Kim T.-Y.
Morris G.,Olive L.
Ittiwut C.,Shotelersuk V.
Hiengrach P.,Wilantho A.
Wang W.-H.,Thitithanyanont A.
Qin J.,Liu R.
Li H.,Assabumrungrat S.
Parnianifard A.,Imran M.A.
Aniwan S.,Charatcharoenwitthaya P.
Zhang R.,Zhang X.
Mahattanasakul P.,Kerekhanjanarong V.
Lenwari A.,Thepchatri T.
Pakornchote T.,Busayaporn W.
Tsuppayakorn-Aek P.,Pinsook U.
Jeamsripong S.,Jay-Russell M.T.
Kao-Ian W.,Kheawhom S.
Kumar R.,Somrongthong R.
Toprangkobsin P.,Banlunara W.
Damrongsakkul S.,Neves N.M.
Twayej A.J.,Maes M.
Patcharatrakul T.,Gonlachanvit S.
Wannigama D.L.,Chatsuwan T.
Rattanapisit K.,Shanmugaraj B.
Wuttiwannasak N.,Zhang D.
Sukmark T.,Praditpornsilpa K.
Coelho C.M.,Zsido A.N.
Ferron S.,Boustie J.
Porter S.,Ni Riordain R.
Srisuttee R.,Kitkumthorn N.
Nhung N.T.,Campbell J.
Nutho B.,Hannongbua S.
Tansatit T.,Jitaree B.
Amornkitvikai Y.,Duangkaew S.
Rauytanapanit M.,Praneenararat T.
Assanangkornchai S.,Taneepanichskul S.
Chamnanphon M.,Chariyavilaskul P.
Bunpapong N.,Boonyapisitsopa S.
Shanmugaraj B.,Thitithanyanont A.
Panpetch W.,Ondee T.
Chongthanakorn K.,Eiam-Ong S.
Fagan-Jeffries E.P.,Hebert P.D.N.
Tumkot L.,Boonnoun P.
Himwas C.,Cattoni A.
Alfieri D.F.,Maes M.
Kwon O.-S.,Shin K.
Obada D.O.,Bansod N.D.
Honda M.,Kageyama H.
Chanyotha S.,Tokonami S.
Dong H.T.,Rodkhum C.
Siangliw J.L.,Chadchawan S.
Phuwaprisirisan P.,Ohshima C.
Thunyaratchatanon C.,Luengnaruemitchai A.
Suantawee T.,Adisakwattana S.
Poapolathep S.,Wongwaipairoj T.
Vongpunsawad S.,Leuridan E.
Nutho B.,Rungrotmongkol T.
Sharma N.,Maitra S.S.
Pongpirul W.A.,Ratnarathon A.C.
Sasithong P.,Wuttisittikulkij L.
Boonyoung P.,Jiraungkoorskul W.
Thubsuang U.,Manmuanpom N.
Sawaswong V.,Ondee T.
Jamsawang P.,Likitlersuang S.
Oliveira S.R.,Lozovoy M.A.B.
Kondo T.,Pavasant P.
Jeratthitikul E.,Siriwut W.
Mahidol C.,Kittakoop P.
Ferreira H.,Kanokpanont S.
Stitmannaithum B.,Ueda T.
Kasemsiri P.,Pongsa U.
Vichaphund S.,Atong D.
Kuncorojakti S.,Sawangmake C.
Yahaya M.Z.,Kheawhom S.
Wongsakulphasatch S.,Gong J.
Karnjanakom S.,Reubroycharoen P.
Pinsook U.,Bovornratanaraks T.
Chentanez N.,Jeschke S.
Sriphoosanaphan S.,Treeprasertsuk S.
Thanapirom K.,Treeprasertsuk S.
Ko M.-S.,Kim K.-W.
Xue Z.,Sawangphruk M.
Payungporn S.,Leelahavanichkul A.
Wanlapakorn N.,Van Damme P.
Chutinet A.,Vongvasinkul P.
Prichanont S.,Pungetmongkol P.
Chanmol W.,Bates M.D.
Kiet B.T.,Hien V.B.
Kiatkittipong K.,Lim J.W.
Lektip C.,Jiamjarasrangsi W.
Assavalapsakul W.,Wang S.-F.
Rongmung P.,Khamnamtong B.
Cattoni A.,Oehler F.
Wasana P.W.D.,Vajragupta O.
Chanmol W.,Jariyapan N.
Carvalho A.F.,Maes M.
Kiatkittipong W.,Laosiripojana N.
Chuchaona W.,Pasittungkul S.
Laoveeravat P.,Thavaraputta S.
Chokradjaroen C.,Saito N.
Kaimen-Maciel D.R.,Reiche E.M.V.
Chaiyabutr N.,Wongwaipairote T.
Chaijamorn W.,Rungkitwattanakul D.
Praditpornsilpa K.,Srisawat N.
Urbina A.N.,Thitithanyanont A.
Klaewkla M.,Chunsrivirot S.
Thurain K.,Amonsin A.
Takkavatakarn K.,Chongthanakorn K.
Phuwaprisirisan P.,Takahashi H.
Rojsitthisak P.,Towiwat P.
Kumar V.,Sharma N.
Kettratad J.,Pengsakul T.
Kanchanasin P.,Yuki M.
Kettratad J.,Poolprasert P.
Anantsuksomsri S.,Amornkitvikai Y.
Suphapeetiporn K.,Shotelersuk V.
Praditpornsilpa K.,Tungsanga K.
Somboonna N.,Leelahavanichkul A.
Thitithanyanont A.,Chen Y.-H.
Mora P.,Jubsilp C.
Sirivichayakul S.,Michelin A.P.
Piyachaturawat P.,Kongkam P.
Boonnoun P.,Shotipruk A.
Umnouysin S.,Rodtassana C.
Bathini T.,Mao M.A.
Simao A.N.C.,Maes M.
Jarujamrus P.,Anutrasakda W.
Fritzsche S.,Remsungnen T.
Huda S.,Syazali M.
Syazali M.,Jermsittiparsert K.
Huda S.,Umam R.
Chaiyabutr N.,Klangkaew N.
Ullah I.,Wuttisittikulkij L.
Puri B.K.,Carvalho A.
Sukmark T.,Srisawat N.
Maes M.,Moreira E.G.
Mekboonsonglarp W.,Likhitwitayawuid K.
Phanthasri J.,Khamdahsag P.
Gunawan J.,McDaniel A.M.
Keawploy N.,Qin J.
Monzen H.,Nishimura Y.
Lozovoy M.A.B.,Maes M.
de Carvalho Jennings Pereira W.L.,Flauzino T.
Chaiyabutr N.,Phaochoosak N.
Kongtaworn N.,Rungrotmongkol T.
Takkavatakarn K.,Kanjanabuch T.
Ketwetsuriya C.,Charoentitirat T.
Kerekhanjanarong V.,Mutirangura A.
Thavaraputta S.,Suchartlikitwong S.
Prasanth M.I.,Sivamaruthi B.S.
Sivamaruthi B.S.,Chaiyasut C.
Sukmark T.,Tungsanga K.
Srimaneepong V.,Qin J.
Aungsuroch Y.,Gunawan J.
Persad A.K.,Danyluk M.D.
Wattanathana W.,Chanvorachote P.
Kim-Lohsoontorn P.,Laosiripojana N.
Rosenblat J.D.,Maes M.
Tsuppayakorn-aek P.,Bovornratanaraks T.
Komolmit P.,Treeprasertsuk S.
Viriyasitavat W.,Bi Z.
Klangkaew N.,Wongwaipairoj T.
Liu G.,Chiang H.-W.
Sutcharit C.,Srisonchai R.
Sirariyakul T.,Jermsittiparsert K.
Singkham-In U.,Chatsuwan T.
Nasamran C.,Janetanakit T.
Wilantho A.,Somboonna N.
Aungsuroch Y.,Fisher M.L.
Chalermsinsuwan B.,Piumsomboon P.
Beniddir M.A.,Le Pogam P.
Prakhongcheep O.,Chanvorachote P.
Jeamsripong S.,Kniel K.E.
de Lima Pedrao J.V.,Sirivichayakul S.
Takahashi H.,Keeratipibul S.
Chongsiripinyo K.,Sarkar S.
Madapong A.,Nilubol D.
Jaroonwitchawan T.,Palaga T.
Michelin A.P.,de Oliveira Semeao L.
Krutpijit C.,Jongsomjit B.
Rodtassana C.,Kato S.
Kongparakul S.,Samart C.
Zhang X.,Wang S.
Guntida A.,Praserthdam P.
Dang C.P.,Payungporn S.
Chancharoen R.,Wuttisittikulkij L.
Van Achterberg C.,Shaw M.R.
Chalermsinsuwan B.,Assabumrungrat S.
Maes M.,de Lima Pedrao J.V.
Yoobanpot N.,Likitlersuang S.
Watcharawittayakul T.,Pungetmongkol P.
Songsantiphap C.,Asawanonda P.
Phaochoosak N.,Poapolathep A.
Na Pombejra S.,Khotavivattana T.
Thongprayoon C.,Sharma K.
Mehrotra R.,Chavanich S.
Fucharoen S.,Leelahavanichkul A.
Reubroycharoen P.,Chanlek N.
Roy K.,Pongwisuthiruchte A.
Sukmas W.,Tsuppayakorn-aek P.
Malar D.S.,Tencomnao T.
Charoenwongpaiboon T.,Wangpaiboon K.
Belokobylskij S.A.,Butcher B.A.
Oehler F.,Travers L.
Bayle F.,Travers L.
Chaiteerakij R.,Komolmit P.
Supasitthumrong T.,Maes M.
Lertjitbanjong P.,Chokesuwattanaskul R.
Shin J.,Lee H.
Huang S.,Pengsakul T.
Aekplakorn W.,Chariyalertsak S.
Charoensareerat T.,Srisawat N.
Boonprakong L.,Osathanon T.
Kondo T.,Chailapakul O.
Jubsilp C.,Bielawski C.W.
Chanchaem P.,Payungporn S.
Wangpaiboon K.,Chunsrivirot S.
De Guzman M.R.,Suen M.-C.
Sangtanoo P.,Choowongkomon K.
Poungparn S.,Sangtiean T.
Bates M.D.,Bates P.A.
Michelin A.P.,Sirivichayakul S.
Chokesuwattanaskul A.,Bathini T.
Rojsitthisak P.,Qiu G.
de Carvalho Jennings Pereira W.L.,Reiche E.M.V.
Bootchanont A.,Yimnirun R.
Limraksasin P.,Zhang M.
Ittiwut C.,Suphapeetiporn K.
Marquez V.,Jongsomjit B.
Marquez V.,Panpranot J.
Tungsanga K.,Eiam-Ong S.
Eiam-Ong S.,Praditpornsilpa K.
Wiriyakijja P.,Porter S.
Thim-uam A.,Pisitkun T.
Rajendran S.,Qin J.
Boonpai S.,Wannakao S.
Lejeune J.,Jay-Russell M.T.
Muchan P.,Nithitanakul M.
Senarat S.,Boonyoung P.
Boonchuduang T.,Khamkongkaeo A.
Tsani I.,Syazali M.
Ngampitipan T.,Visser M.
Nakasu T.,Anantsuksomsri S.
Werawatganon D.,Chatsuwan T.
Visuttipitukul P.,Umeda J.
Pongchan T.,Jongsomjit B.
Rungkitwattanakul D.,Pattharachayakul S.
Manmuanpom N.,Wongkasemjit S.
Matsumoto A.K.,de Lima Pedrao J.V.
Ridtitid W.,Kongkam P.
Thim-uam A.,Makjaroen J.
Saket O.,Oehler F.
Pakornchote T.,Pinsook U.
Klangkaew N.,Phaochoosak N.
Saisorn W.,Fucharoen S.
Poovorawan K.,Soonthornworasiri N.
Senarat S.,Sudtongkong C.
Klaikeaw N.,Chayanupatkul M.
Umeda J.,Kondoh K.
Wisunthorn S.,Kiatkamjornwong S.
Watsuntorn W.,Rene E.R.
Nguyen V.-K.,Chavasiri W.
Limsrivilai J.,Charatcharoenwitthaya P.
Rongwaree N.,Sakdarat P.
Saisavoey T.,Karnchanatat A.
Komiyama A.,Rodtassana C.
Wasana P.W.D.,Towiwat P.
Mekaroonkamol P.,Rerknimitr R.
Soum V.,Rodthongkum N.
Thavaraputta S.,Motes A.
Mingbunjerdsuk T.,Motes A.
Kanchanasin P.,Kudo T.
Muller M.,Kim T.-Y.
Lee D.,Vejchapipat P.
Jantarabenjakul W.,Putcharoen O.
Lenwari A.,Aboutaha R.S.
Posoknistakul P.,Jiraratananon R.
Ng T.H.,Sutcharit C.
Chavasiri W.,Le Pogam P.
Senapin S.,Rodkhum C.
Wiriyakijja P.,McMillan R.
Kida T.,Shotipruk A.
Bun S.,Chawaloesphonsiya N.
Venkatkarthick R.,Wangyao P.
Phonchai N.,Traiphol R.
Oliveira S.R.,Kaimen-Maciel D.R.
Ansah J.P.,Prasertsom P.
Poolprasert P.,Pengsakul T.
Jeschke S.,Kim T.-Y.
Ditmangklo B.,Vilaivan T.
Panpetch W.,Dang C.P.
Pholyotha A.,Panha S.
Punchkhon C.,Chadchawan S.
Phaodee P.,Sabatini D.A.
Ratnatilaka Na Bhuket P.,Rojsitthisak P.
Boonserm P.,Simpson A.
Kettratad J.,Huang S.
Kudo T.,Pittayakhajonwut P.
Damkerngsuntorn W.,Rerknimitr P.
Wuttiwannasak N.,Ueda T.
Aungsuroch Y.,Marzilli C.
Kewcharoen J.,Mekraksakit P.
Suntronwong N.,Vongpunsawad S.
Wasitthankasem R.,Poovorawan Y.
Mao M.A.,Cheungpasitporn W.
Khanarsa P.,Sinapiromsaran K.
Hiengrach P.,Tumwasorn S.
Reubroycharoen P.,Yang G.
Teeraananchai S.,Kerr S.J.
Rungkitwattanakul D.,Charoensareerat T.
Madapong A.,Saeng-chuto K.
Chailapakul O.,Siangproh W.
Angsujinda K.,Kettratad J.
Beniddir M.A.,Boustie J.
Dadar M.,Maes M.
Pongpirul W.A.,Vachiraphan A.
Chokesuwattanaskul R.,Mao M.A.
Saokham P.,Loftsson T.
Suchartlikitwong S.,Nugent K.
Chavasiri W.,Yompakdee C.
Autthanit C.,Praserthdam P.
Likhitrakarn N.,Sutcharit C.
Sutcharit C.,Chhuoy S.
Sarwar R.,Chuangsuwanich E.
Nguyen M.T.,Kheawhom S.
Manopwisedjaroen S.,Phoolcharoen W.
Sathitratanacheewin S.,Kross E.K.
Assavalapsakul W.,Lu P.-L.
Boonpai S.,Suriye K.
Debnath P.P.,Mohan C.V.
Matsumoto A.K.,Moreira E.G.
Ridtitid W.,Chatsuwan T.
Ketwetsuriya C.,Nutzel A.
Bun S.,Wongwailikhit K.
Chiang H.-W.,Wang X.
Alfieri D.F.,Simao A.N.C.
Lertjitbanjong P.,Cheungpasitporn W.
Bhula-Or R.,Anantsuksomsri S.
Kumtornrut C.,Kerr S.J.
Panpranot J.,Praserthdam P.
Kondo T.,Siangproh W.
Wang Z.,Jermsittiparsert K.
Stoyanov D.,Maes M.
Leelahavanichkul A.,Palaga T.
Limraksasin P.,Osathanon T.
Phienphanich P.,Tantibundhit C.
Jaroonwitchawan T.,Wilantho A.
Phungphong S.,Kijtawornrat A.
Sawaswong V.,Chanchaem P.
Sirivichayakul S.,Moreira E.G.
Phatanasri S.,Pancharoen U.
Cattoni A.,Tchernycheva M.
Shigeta Y.,Chavasiri W.
Piyachaturawat P.,Mekaroonkamol P.
Anugulruengkitt S.,Rattananupong T.
Mekareeya N.,Sacchi M.
Kerr S.J.,Asawanonda P.
Qin J.,Zhang X.
Sawangphruk M.,Liu R.
Lee P.T.-W.,Zhang D.
Kampitak W.,Tanavalee A.
Uttayamakul S.,Pongpirul K.
Suwanpreedee R.,Manuspiya H.
Thanachayanont C.,Prichanont S.
Arayataweegool A.,Kerekhanjanarong V.
Sunsandee N.,Ramakul P.
Zhang P.,Tsubaki N.
Zhang L.,Wang Y.
Senarat S.,Kaneko G.
Boonyoung P.,Kettratad J.
Kettratad J.,Siriwong W.
Teerasarntipan T.,Chaiteerakij R.
Zhang X.,Zhao Y.
Rattananupong T.,Lohsoonthorn V.
Xue Z.,Qin J.
Kampitak W.,Ngarmukos S.
Bjorklund G.,Dadar M.
Thongmee T.,Thatsanathorn T.
Choksi S.,Jitkaew S.
Tiawsirisup S.,Kaewthamasorn M.
Fedele S.,Hodgson T.
Oehler F.,Tchernycheva M.
Cheungpasitporn W.,Thongprayoon C.
Kwon O.-S.,Rodthongkum N.
Ruecha N.,Rodthongkum N.
Thavaraputta S.,Nugent K.
de Carvalho Jennings Pereira W.L.,Kaimen-Maciel D.R.
Zhang D.,Zhang X.
Sukprasansap M.,Tencomnao T.
Rattanapisit K.,Phoolcharoen W.
Panchaprateep R.,Asawanonda P.
Lumlertgul N.,Srisawat N.
Chang M.R.,Assavalapsakul W.
Charoenkul K.,Boonyapisitsopa S.
Keelawat S.,Bychkov A.
Murdjeva M.,Maes M.
Topalcengiz Z.,Buchanan R.L.
Moreira E.G.,Sirivichayakul S.
Bathini T.,Ungprasert P.
Kijima K.,Krisanachinda A.
Motes A.,Nugent K.
Senarat S.,Poolprasert P.
Theerapanon T.,Porntaveetus T.
Phisalaphong M.,Chen H.
Chatjuthamard P.,Jiraporn P.
Pongpirul W.A.,Uttayamakul S.
Charoenpong L.,Prasithsirikul W.
Punchkhon C.,Toojinda T.
Fedele S.,Ni Riordain R.
Kumar B.G.,Qin J.
Poungparn S.,Pravinvongvuthi T.
Yahaya M.Z.,Salleh N.A.
San H.T.,Likhitwitayawuid K.
Maes M.,Reiche E.M.V.
Cheungpasitporn W.,Vallabhajosyula S.
Oliveira S.R.,Kallaur A.P.
Jeratthitikul E.,Srisonchai R.
Chhuoy S.,Pholyotha A.
Susantitaphong P.,Eiam-Ong S.
Boisdon C.,Maher S.
Chariyalertsak S.,Taneepanichskul S.
Senjuntichai T.,Rungamornrat J.
Rashid U.,Ngamcharussrivichai C.
Praditpornsilpa K.,Eiam-ong S.
Oliveira S.R.,Reiche E.M.V.
Yuki M.,Ohkuma M.
Osathanon T.,Kalpravidh C.
Janetanakit T.,Amonsin A.
Shanmugaraj B.,Rattanapisit K.
Chaimanee Y.,Rugbumrung M.
Wangpaiboon K.,Pichyangkura R.
Matsumoto A.K.,Kanchanatawan B.
Moreira E.G.,Barbosa D.S.
Wongsamut C.,Suwanpreedee R.
Jansook P.,Loftsson T.
Chailapakul O.,Chaiyo S.
Takahashi H.,Ohshima C.
Nantaphol S.,Siangproh W.
Kittiskulnam P.,Johansen K.L.
Sripetch S.,Loftsson T.
Pasittungkul S.,Poovorawan Y.
Poyago-Theotoky J.,Zikos V.
Kanthawee P.,Khiewkhern S.
Seresirikachorn K.,Chusakul S.
Arnold S.,Chavanich S.
Sae-Khow K.,Leelahavanichkul A.
Klykleung N.,Tanasupawat S.
Kasemsiri P.,Okhawilai M.
Mahalapbutr P.,Kongtaworn N.
Charoenkul K.,Amonsin A.
Mekboonsonglarp W.,Sritularak B.
Wichitnithad W.,Rojsitthisak P.
Van N.T.B.,Chansiripornchai N.
Kewcharoen J.,Kanitsoraphan C.
Kayee J.,Das R.
Lektip C.,Suttanon P.
Nasamran C.,Boonyapisitsopa S.
Poovorawan Y.,Honsawek S.
Puri B.K.,Berk M.
Ridtitid W.,Rerknimitr R.
Praphanwittaya P.,Loftsson T.
Himwas C.,Julien F.H.
Durgalakshmi D.,Gracia F.
Chewcharat A.,Susantitaphong P.
Kittiskulnam P.,Lai J.C.
Autthanit C.,Jongsomjit B.
Ngor P.B.,Srisonchai R.
Zhang D.,Qin J.
Wang S.,Zhao Y.
Manokawinchoke J.,Osathanon T.
Ko M.-S.,Chanpiwat P.
Watcharawittayakul T.,Thanachayanont C.
Himwas C.,Travers L.
Travers L.,Tchernycheva M.
Sangtanoo P.,Srimongkol P.
Saisavoey T.,Reamtong O.
Poungparn S.,Rodtassana C.
Kanjanaumporn J.,Snidvongs K.
Intakhan N.,Bates M.D.
Lyapichev K.,Medeiros L.J.
Flauzino T.,Reiche E.M.V.
Saokham P.,Jansook P.
Tansatit T.,Kim H.-J.
Rungrotmongkol T.,Hannongbua S.
Kiatkittipong K.,Kiatkittipong W.
Visitchanakun P.,Saisorn W.
Chirathaworn C.,Poovorawan Y.
Likitlersuang S.,Wuttiwannasak N.
Modes M.E.,Kross E.K.
Lertpichitkul P.,Asawanonda P.
Posuwan N.,Poovorawan Y.
Bajpai A.,Saadi M.
Al-Hakeim H.K.,Maes M.
de Lima Pedrao J.V.,Barbosa D.S.
Pakvisal P.,Piyachaturawat P.
Nantavithya C.,Zhu H.
Giorgi M.,Poapolathep A.
Kniel K.E.,Danyluk M.D.
Kim-Lohsoontorn P.,Kiatkittipong W.
Chuchaona W.,Poovorawan Y.
Lestari F.B.,Poovorawan Y.
Boonsnongcheep P.,Putalun W.
Flauzino T.,Lozovoy M.A.B.
Limcharoen B.,Banlunara W.
Chuaypen N.,Sodsai P.
Nilaratanakul V.,Griffin D.E.
Laomeephol C.,Damrongsakkul S.
Chanchaem P.,Leelahavanichkul A.
Wiriyakijja P.,Ni Riordain R.
Klangkaew N.,Chaiyabutr N.
Persad A.K.,Buchanan R.L.
Kallaur A.P.,Kaimen-Maciel D.R.
Hanvoravongchai P.,Prasertsom P.
Watsuntorn W.,Lens P.N.L.
Muangnoi C.,Thaweesest W.
Peerapornratana S.,Srisawat N.
Sukmark T.,Lumlertgul N.
Urbina A.N.,Wang S.-F.
Srimaneepong V.,Thunyakitpisal P.
Chatthanathon P.,Leelahavanichkul A.
Sangarlangkarn A.,Avihingsanon A.
Lev-Wiesel R.,Binson B.
Chaiyasak S.,Techangamsuwan S.
Uttayamakul S.,Prasithsirikul W.
Himwas C.,Collin S.
Aeumjaturapat S.,Snidvongs K.
Thongprayoon C.,Cato L.D.
Ramadhan R.,Phuwapraisirisan P.
Puthanakit T.,Theerawit T.
Soum V.,Shin K.
Prasitlumkum N.,Vallabhajosyula S.
Reubroycharoen P.,Samart C.
Kallaur A.P.,Simao A.N.C.
Ferreira H.,Reis R.L.
Okawa H.,Egusa H.
Jeratthitikul E.,Chhuoy S.
Brimson J.M.,Prasanth M.I.
Lumlertgul N.,Eiam-Ong S.
Trairatvorakul P.,Chonchaiya W.
Thanaboonnipat C.,Choisunirachon N.
Soanuch C.,Chalermsinsuwan B.
Kerr S.J.,Ruxrungtham K.
Barbosa D.S.,Kanchanatawan B.
Nguyen A.H.L.,Kaewthamasorn M.
Arayataweegool A.,Kitkumthorn N.
Suntronwong N.,Vichaiwattana P.
Rodtassana C.,Sangtiean T.
Gobpradit S.,Vateekul P.
Tran T.T.V.,Samart C.
Xue Z.,Ma M.
Lumlertgul N.,Tungsanga K.
Soongprasit K.,Atong D.
Samart D.,Channuie P.
Tang J.,Ino E.
Rongwaree N.,Watcharawittayakul T.
Srisuttee R.,Mutirangura A.
Persad A.K.,Lejeune J.
Sirivichayakul S.,Maes M.
Cheungpasitporn W.,Mao M.A.
Kanitsoraphan C.,Pattison R.J.
Mekraksakit P.,Rattanawong P.
Bathini T.,Cheungpasitporn W.
Pincak R.,Bartos E.
Chontanawat J.,Wiboonchutikula P.
Assavalapsakul W.,Chen Y.-H.
Boonpai S.,Panpranot J.
Tangphati T.,Chatrabhuti A.
Taesopapong S.,Ratanatamskul C.
Koy V.,Yunibhand J.
Sheshadri A.,Lai J.C.
Haseeb M.,Jermsittiparsert K.
Tsani I.,Jermsittiparsert K.
Tran T.T.V.,Chanlek N.
Velmurugan R.,Incharoensakdi A.
Lee Y.-P.,Ruangkanjanases A.
Okhawilai M.,Karagiannidis P.
Thongkhao K.,Wiwatcharakornkul W.
Chanchaem P.,Ondee T.
Nasamran C.,Aye A.M.
Watcharawittayakul T.,Sakdarat P.
Van N.T.B.,Hien V.B.
Tian M.-W.,Nojavan S.
Zavasnik J.,Mehmeti E.
Tabani H.,Varanusupakul P.
Wongwaipairote T.,Poapolathep A.
Akarathanawat W.,Suwanwela N.C.
Nakasu T.,Duangkaew S.
Wongwirat T.,Zhu L.
Issariyapat A.,Umeda J.
Neufeld E.V.,Dolezal B.A.
Mon P.P.,Amonsin A.
Rattanapisit K.,Thitithanyanont A.
Thanapirom K.,Poovorawan Y.
Porntaveetus T.,Shotelersuk V.
Boonpavanitchakul K.,Magaraphan R.
Ohshima C.,Keeratipibul S.
Muangnoi C.,Towiwat P.
Vitidsant T.,Tsubaki N.
Insin N.,Qin J.
Bjorklund G.,Maes M.
Roytrakul S.,Phaonakrop N.
Wiriyakijja P.,Hodgson T.
Collin S.,Tchernycheva M.
Rajendran S.,Gracia F.
Mahattanasakul P.,Tangjaturonrasme N.
Anantsuksomsri S.,Smith B.
Somboon P.,Jariyapan N.
Nantavithya C.,Mohamed A.S.R.
Kijima K.,Monzen H.
Bathini T.,Cato L.D.
Khiewkhern S.,Amonsin A.
Tansatit T.,Phumyoo T.
Pholyotha A.,Ngor P.B.
Im-orb K.,Arpornwichanop A.
Sirisuk K.-O.,Suttanon P.
Oo Y.,Chaotham C.
Wanlapakorn N.,Srimuan D.
Wanno B.,Pulpoka B.
Utoomprurkporn N.,Stott J.
Wiriyakijja P.,Fedele S.
Hodgson T.,Ni Riordain R.
Arayataweegool A.,Mutirangura A.
Kiet B.T.,Campbell J.
Poapolathep S.,Poapolathep A.
Kao-Ian W.,Yonezawa T.
Chuchaona W.,Vongpunsawad S.
Chansangpetch S.,Lin S.C.
Zhang X.,Ma M.
Ngoennet S.,Kageyama H.
Thach P.,Srisonchai R.
Phumee A.,Siriyasatien P.
Cao J.,Zhao Y.
Luo W.,Bovornratanaraks T.
Kamyab H.,Chelliapan S.
Janpoom S.,Khamnamtong B.
Bayle F.,Collin S.
Chaiteerakij R.,Tangkijvanich P.
Chusakul S.,Snidvongs K.
Patipong T.,Hibino T.
Mokkhamakkul T.,Anantsuksomsri S.
Maes M.,Galecki P.
Poovorawan K.,Poovorawan Y.
Pholyotha A.,Lin A.
Matsumoto A.K.,Barbosa D.S.
Prommuak C.,Pavasant P.
Sooksamphanwong C.,Thanachayanont C.
Tangjaturonrasme N.,Mutirangura A.
Klinfueng S.,Vongpunsawad S.
Suwannarong K.,Lantican C.
Kongparakul S.,Reubroycharoen P.
Kalcher K.,Mehmeti E.
Huda S.,Jermsittiparsert K.
Chanmungkalakul S.,Ervithayasuporn V.
Brimson J.M.,Brimson S.
Luo W.,Ahuja R.
Sriphoosanaphan S.,Srisoonthorn N.
Sathitratanacheewin S.,Engelberg R.A.
Wanlapakorn N.,Leuridan E.
Aniwan S.,Prueksapanich P.
Siangproh W.,Ngamrojanavanich N.
Porter S.,Fedele S.
Giorgi M.,Phaochoosak N.
Kaimen-Maciel D.R.,Maes M.
Debnath S.C.,Potiyaraj P.
Saebea D.,Arpornwichanop A.
Jiraungkoorskul W.,Pengsakul T.
Likhitrakarn N.,Panha S.
Tungsukruthai S.,Chanvorachote P.
Janetanakit T.,Boonyapisitsopa S.
Sathitratanacheewin S.,Curtis J.R.
Sawaswong V.,Leelahavanichkul A.
Sricharoenchaikul V.,Atong D.
Parnianifard A.,Chancharoen R.
Smith D.R.,Assavalapsakul W.
Senapin S.,Mohan C.V.
Watcharawittayakul T.,Sooksamphanwong C.
Komiyama A.,Umnouysin S.
Laoveeravat P.,Rakvit A.
Kageyama H.,Waditee-Sirisattha R.
Flauzino T.,Kaimen-Maciel D.R.
Maeboonruen N.,Pavatung P.
Likitlersuang S.,Zhang D.
de Oliveira Semeao L.,Carvalho A.F.
Barbosa D.S.,Carvalho A.F.
Lomphithak T.,Jitkaew S.
Thilavech T.,Adisakwattana S.
Oren R.,Peichl M.
Jeamsripong S.,Danyluk M.D.
Kim K.-W.,Chanpiwat P.
Pichaiyut S.,Nakason C.
Mahidol C.,Ruchirawat S.
Punchkhon C.,Comai L.
Cattoni A.,Travers L.
Gao C.,Suen M.-C.
Kanjanaumporn J.,Chusakul S.
Ruanphoo P.,Bunyavejchevin S.
Kanjanabuch T.,Puapatanakul P.
Yan S.-R.,Nojavan S.
Lakananurak N.,Gramlich L.
Kerdpitak C.,Jermsittiparsert K.
Phanomphongphaisarn N.,Rukvichai C.
Techaruvichit P.,Keeratipibul S.
Sonsiri K.,Komolmit P.
Ngaosuwan K.,Kiatkittipong W.
Laosiripojana N.,Assabumrungrat S.
Mon P.P.,Aye A.M.
Soatthiyanon N.,Rodthongkum N.
Thanoosing C.,Warrit N.
Anuyahong T.,Chusak C.
Gao C.,Du J.
Kobayashi K.,Redgrave P.
Thaweesest W.,Rojsitthisak P.
Sirivichayakul S.,Carvalho A.F.
Rojsitthisak P.,Wu J.
Sritularak B.,Putalun W.
Treeprasertsuk S.,Poovorawan Y.
Issara-Amphorn J.,Pisitkun P.
Chobaomsup V.,Metzner M.
Aye A.M.,Amonsin A.
Cao Y.,Li Y.
Yuktanandana P.,Tanavalee A.
Takahashi H.,Techaruvichit P.
Chanmol W.,Somboon P.
Anutrasakda W.,Amatatongchai M.
Srichomthong C.,Porntaveetus T.
Panomsuwan G.,Manuspiya H.
Suchartlikitwong S.,Rakvit A.
Wang J.,Samart C.
Singhatanadgige W.,Limthongkul W.
Neufeld E.V.,Wang X.
Chamnanphon M.,Sukasem C.
Limothai U.,Tangkijvanich P.
Hiengrach P.,Leelahavanichkul A.
Wang W.-H.,Lin C.-Y.
Ng T.H.,Jeratthitikul E.
Zhang D.,Yang Z.
Chattranukulchai P.,Sangarlangkarn A.
Banlunara W.,Techangamsuwan S.
Wasana P.W.D.,Hasriadi
Chi J.,Oren R.
Van N.T.B.,Kiet B.T.
Soum V.,Kwon O.-S.
Piwluang S.,Wichadakul D.
Roy K.,Potiyaraj P.
Tanasupawat S.,Rojsitthisak P.
Incharoensakdi A.,Woo H.M.
Xue Z.,Liu R.
Panpetch W.,Chanchaem P.
Kiattinirachara T.,Jiraratananon R.
Am-In N.,Suwimonteerabutr J.
Maes M.,Barbosa D.S.
Maertens K.,Van Damme P.
Phanthasri J.,Tanboonchuy V.
Sooksawate T.,Kobayashi K.
Posuwan N.,Sintusek P.
Visitchanakun P.,Wongphoom J.
Nugent K.,Islam S.
Rujiravanit R.,Saito N.
Zhang P.,Yang G.
Pomchote P.,Khonsue W.
Chanlek N.,Guan G.
Aekplakorn W.,Kessomboon P.
Lee C.,Vejchapipat P.
Li B.,Lee D.
Pattharachayakul S.,Srisawat N.
Chanchaem P.,Dang C.P.
Sangkaew O.,Yompakdee C.
Tohtong R.,Jitkaew S.
Vichaiwattana P.,Poovorawan Y.
Kewcharoen J.,Pattison R.J.
Chokesuwattanaskul R.,Thongprayoon C.
Thavaraputta S.,Islam S.
Chetthamrongchai P.,Jermsittiparsert K.
Klykleung N.,Pittayakhajonwut P.
Jay-Russell M.T.,Danyluk M.D.
Kessomboon P.,Taneepanichskul S.
Algammal A.M.,Hetta H.F.
Engelberg R.A.,Kross E.K.
Issara-Amphorn J.,Somboonna N.
Wanlapakorn N.,Maertens K.
Khamdahsag P.,Tanboonchuy V.
Pongpirul W.A.,Charoenpong L.
Pirarat N.,Rodkhum C.
Rongwaree N.,Sooksamphanwong C.
Phewpan A.,Techaruvichit P.
Wongwailikhit K.,Painmanakul P.
Umnouysin S.,Kato S.
Wanlapakorn N.,Sintusek P.
Buchanan R.L.,Lejeune J.
Lejeune J.,Kniel K.E.
Wongsakulphasatch S.,Kiatkittipong W.
Shin J.,Lee S.
Boonyoung P.,Pengsakul T.
Klykleung N.,Phongsopitanun W.
Pearodwong P.,Tretipskul C.
Bunpapong N.,Thontiravong A.
Chetruengchai W.,Porntaveetus T.
Wang Y.,Phisalaphong M.
Putaporntip C.,Jongwutiwes S.
Urbina A.N.,Lu P.-L.
Punnatin P.,Chunsrivirot S.
Lee P.T.-W.,Yang Z.
de Lima Pedrao J.V.,Carvalho A.F.
Wanno B.,Tuntulani T.
Shuangshoti S.,Teerapakpinyo C.
Putalun W.,Sritularak B.
Zhang L.,Lin J.
Pomchote P.,Nishikawa K.
Theerthagiri J.,Qin J.
THAVORN J.,NGAMKROECKJOTI C.
Tang J.,Kodaka A.
Bhula-Or R.,Amornkitvikai Y.
Beratto E.,Mekareeya N.
Jia Y.,Phisalaphong M.
Hauer D.A.,Griffin D.E.
Apornpong T.,Avihingsanon A.
Van Damme P.,Leuridan E.
Mohamad A.A.,Kheawhom S.
Ham P.,Painmanakul P.
Topalcengiz Z.,Persad A.K.
Lozovoy M.A.B.,Kaimen-Maciel D.R.
Tor-Ngern P.,Leksungnoen N.
Zhang D.,Zhao Y.
Sriphoosanaphan S.,Poovorawan Y.
Kijpaisalratana N.,Chutinet A.
Kulvichit W.,Peerapornratana S.
Sutthirat C.,Assawincharoenkij T.
Kulpreechanan N.,Sorasitthiyanukarn F.N.
Phonchai N.,Traiphol N.
Chusak C.,Chantarasinlapin P.
Tiranathanagul K.,Eiam-Ong S.
Golovatch S.I.,Srisonchai R.
Akkawat B.,Rojnuckarin P.
Mohdee V.,Pancharoen U.
Senjuntichai T.,Keawsawasvong S.
Hasriadi,Vajragupta O.
Reubroycharoen P.,Guan G.
Luengnaruemitchai A.,Kongrit N.
Saebea D.,Patcharavorachot Y.
Khlaiphuengsin A.,Tangkijvanich P.
Osathanon T.,Sawangmake C.
Li B.,Vejchapipat P.
Thanapirom K.,Sonsiri K.
Wongsawaeng D.,Assabumrungrat S.
Ngaosuwan K.,Assabumrungrat S.
Lin C.-Y.,Thitithanyanont A.
Parnklang T.,Rimdusit S.
Rokaya D.,Srimaneepong V.
Phumyoo T.,Jitaree B.
Sakdarat P.,Pungetmongkol P.
Thim-uam A.,Saethang T.
Suratannon N.,Chatchatee P.
Aeumjaturapat S.,Seresirikachorn K.
Seresirikachorn K.,Snidvongs K.
Thavaraputta S.,Mingbunjerdsuk T.
Tumwasorn S.,Wilantho A.
Yuki M.,Phongsopitanun W.
Tangkijngamvong N.,Kerr S.J.
Morris G.,Berk M.
Laomeephol C.,Ferreira H.
Korkerd K.,Piumsomboon P.
Metzner M.,Boonyongmaneerat Y.
Pongpirul W.A.,Prasithsirikul W.
Sangtanoo P.,Reamtong O.
Tiankanon K.,Kongkam P.
Intakhan N.,Somboon P.
Chewcharat A.,Praditpornsilpa K.
Nuaklong P.,Jongvivatsakul P.
Srichomthong C.,Shotelersuk V.
San H.T.,Boonsnongcheep P.
Chaikhumwang P.,Nilubol D.
Srisawat N.,Praditpornsilpa K.
Wongsawatgul N.,Chaianansutcharit S.
Rattananupong T.,Sirisuk K.-O.
Pearodwong P.,Panyathong R.
Carvalho A.,Maes M.
Tian H.,Assabumrungrat S.
Thummarungsan N.,Sirivat A.
Isa K.,Kobayashi K.
Likhitwitayawuid K.,Sritularak B.
Yasin M.,Jermsittiparsert K.
Jaroonwitchawan T.,Chatthanathon P.
Parnianifard A.,Wuttisittikulkij L.
Sema T.,Ranong P.N.
Piewbang C.,Chaiyasak S.
Chaotham C.,Phoolcharoen W.
Wang W.-H.,Assavalapsakul W.
Sangarlangkarn A.,Ruxrungtham K.
Ferron S.,Le Pogam P.
Tansakul M.,Saethang T.
Han W.M.,Kerr S.J.
Somboon P.,Bates P.A.
Topalcengiz Z.,Jeamsripong S.
Topalcengiz Z.,Jay-Russell M.T.
Rungrotmongkol T.,Rungrotmongkol T.
Shanmugaraj B.,Siriwattananon K.
Thammachoti P.,Hamidy A.
Sun Z.,Gong J.
Saupsor J.,Gong J.
Puthong S.,Muangsin N.
Thongprayoon C.,Lertjitbanjong P.
Senarat S.,Kettratad J.
Ohkuma M.,Tanasupawat S.
Muangnoi C.,Rojsitthisak P.
Jubsilp C.,Karagiannidis P.
Kamolvisit W.,Shotelersuk V.
Somsesta N.,Sricharoenchaikul V.
Siangproh W.,Chailapakul O.
Tumkot L.,Laosiripojana N.
Srisuttee R.,Kerekhanjanarong V.
Bin-Alee F.,Tangjaturonrasme N.
Van N.T.B.,Campbell J.
Spanninger P.M.,Danyluk M.D.
Tongkobpetch S.,Shotelersuk V.
de Carvalho Jennings Pereira W.L.,Alfieri D.F.
Tantayanon S.,Gowanit C.
Likhitrakarn N.,Chhuoy S.
Sirichana W.,Dolezal B.A.
Zhang X.,Liu R.
Mora P.,Rimdusit S.
Kulvichit W.,Srisawat N.
Saethang T.,Pisitkun P.
Liu G.,Wang X.
Kanthawee P.,Amonsin A.
Chavasiri W.,Boonyasuppayakorn S.
Pisarnturakit P.P.,Sooampon S.
Zhang M.,Pavasant P.
Kandasamy S.,Ashokkumar V.
Srisonchai R.,Panha S.
Sirisuk K.-O.,Jiamjarasrangsi W.
Chuaypen N.,Tangkijvanich P.
Chentanez N.,Macklin M.
Phadungcharoen T.,Wiwatcharakornkul W.
Abdullah B.,Wang D.Y.
Almulla A.F.,Maes M.
Plaimas K.,Chadchawan S.
Apornpong T.,Gatechompol S.
Alfieri D.F.,Reiche E.M.V.
Kettratad J.,Boonyoung P.
Rosenblat J.D.,Carvalho A.F.
Flauzino T.,Kallaur A.P.
Brunoni A.R.,Carvalho A.F.
Chanlek N.,Samart C.
Laomeephol C.,Reis R.L.
Chontanawat J.,Buddhivanich A.
Kondo T.,Egusa H.
Sutcharit C.,Siriwut W.
Bhula-Or R.,Mokkhamakkul T.
Mokkhamakkul T.,Duangkaew S.
Mee-Ngoen B.,Jermsittiparsert K.
Muanpetch S.,Khovidhunkit W.
Michelin A.P.,Moreira E.G.
Thurain K.,Tun T.N.
Nasamran C.,Tun T.N.
Maertens K.,Leuridan E.
Chaiyasak S.,Piewbang C.
Swantomo D.,Basuki K.T.
Lyapichev K.,Khoury J.D.
Sriratanasak N.,Chanvorachote P.
Suwannarong K.,Khiewkhern S.
Jiraungkoorskul W.,Poolprasert P.
Charoenwongpaiboon T.,Klaewkla M.
Kuncharoen N.,Tanasupawat S.
Arayataweegool A.,Mahattanasakul P.
Rodtassana C.,Pravinvongvuthi T.
Chewcharat A.,Takkavatakarn K.
Jantarabenjakul W.,Pancharoen C.
Vicerra P.M.M.,Pothisiri W.
Limraksasin P.,Pavasant P.
Tiranathanagul K.,Praditpornsilpa K.
Sodsai P.,Tangkijvanich P.
Morris G.,Carvalho A.
Jirawattanasomkul T.,Zhang D.
Jantarabenjakul W.,Puthanakit T.
de Lima Pedrao J.V.,Moreira E.G.
Kodaka A.,Chintanapakdee C.
Yakoh A.,Chailapakul O.
Wongwailikhit K.,Chawaloesphonsiya N.
Suwannarong K.,Saengkul C.
Pengnoo M.,Wuttisittikulkij L.
Zhang X.,Qin J.
Anderson G.,Maes M.
Pongchan T.,Praserthdam P.
Lumlertgul N.,Praditpornsilpa K.
Maes M.,Michelin A.P.
Trongtorsak A.,Mekraksakit P.
Chatrabhuti A.,Channuie P.
Phanthasri J.,Wannapaiboon S.
Choowongkomon K.,Karnchanatat A.
Phomrak S.,Phisalaphong M.
Spanninger P.M.,Lejeune J.
Chokesuwattanaskul A.,Cheungpasitporn W.
Pattharaprachayakul N.,Woo H.M.
Duong T.-H.,Chavasiri W.
Michelin A.P.,de Lima Pedrao J.V.
Lomphithak T.,Choksi S.
Jiirasutat N.,Tansatit T.
Jarunglumlert T.,Prommuak C.
Rajendran S.,Vadivel S.
Cao J.,Liu R.
Tian X.-X.,Nojavan S.
Roomruangwong C.,Carvalho A.F.
Srisawat N.,Eiam-Ong S.
Tran T.T.V.,Karnjanakom S.
Boonserm P.,Ngampitipan T.
Bhula-Or R.,Duangkaew S.
Kanjanabuch T.,Eiam-Ong S.
Nimsamer P.,Payungporn S.
Khanantong C.,Traiphol R.
Nantaphol S.,Chailapakul O.
Rodthongkum N.,Ummartyotin S.
de Carvalho Jennings Pereira W.L.,Kallaur A.P.
Nguyen M.T.,Yonezawa T.
Chansaenroj J.,Wanlapakorn N.
Aree T.,Pudhom K.
Poompradub S.,Prasassarakich P.
Shotelersuk V.,Suphapeetiporn K.
Matsumoto A.K.,Carvalho A.F.
Sansanaphongpricha K.,Muangsin N.
Phumyoo T.,Rungsawang C.
Jirabovornwisut T.,Chen Y.-S.
Takkavatakarn K.,Susantitaphong P.
Sheshadri A.,Kittiskulnam P.
Nuntapaitoon M.,Tummaruk P.
Vutthikraivit W.,Islam S.
Kumar V.,Lakkaboyana S.K.
Charoensuppanimit P.,Assabumrungrat S.
Ngoennet S.,Hibino T.
Tolek W.,Praserthdam P.
Sasithong P.,Vanichchanunt P.
Kongmakee P.,Techangamsuwan S.
Klinbunga S.,Khamnamtong B.
de Lima Pedrao J.V.,Kanchanatawan B.
Srimongkol P.,Karnchanatat A.
Wongsasuluk P.,Siriwong W.
Kallaur A.P.,Maes M.
Karnjanakom S.,Guan G.
Debnath S.C.,Pongwisuthiruchte A.
Chotibut T.,Misiurewicz M.
Golovatch S.I.,Panha S.
Chotpantarat S.,Thitimakorn T.
Praserthdam P.,Jongsomjit B.
Thongpan I.,Vongpunsawad S.
Somboonna N.,Pisitkun P.
Nguyen V.-K.,Boustie J.
San Y.Y.,Amonsin A.
Buaboocha T.,Chadchawan S.
Phewpan A.,Keeratipibul S.
Arayataweegool A.,Tangjaturonrasme N.
Bin-Alee F.,Mutirangura A.
Putalun W.,Likhitwitayawuid K.
Vutthikraivit W.,Motes A.
Hotarat W.,Wolschann P.
Senarat S.,Siriwong W.
Algammal A.M.,Mabrok M.
Chen Y.-H.,Wang S.-F.
Siwamogsatham S.,Avihingsanon A.
Prasertlux S.,Rongmung P.
Watcharawittayakul T.,Prichanont S.
Yonezawa T.,Pornprasertsuk R.
Roy K.,Debnath S.C.
Sakunrangsit N.,Ketchart W.
Pavasant P.,Sawangmake C.
Aekplakorn W.,Taneepanichskul S.
Wang X.,Dolezal B.A.
Kanjanabuch T.,Pavatung P.
Guntida A.,Panpranot J.
Siriwut W.,Panha S.
Sema T.,Kiattinirachara T.
Roytrakul S.,Suriyaphol G.
Saket O.,Bayle F.
Cattoni A.,Julien F.H.
Phaochoosak N.,Chaiyabutr N.
Klangkaew N.,Wongwaipairote T.
Panyathong R.,Tummaruk P.
Ferreira H.,Neves N.M.
Siwamogsatham S.,Ruxrungtham K.
Beniddir M.A.,Chavasiri W.
Alizadeh A.,Nojavan S.
Chaiteerakij R.,Treeprasertsuk S.
Flauzino T.,Maes M.
Venkatkarthick R.,Qin J.
Vutthikraivit W.,Nugent K.
Tumwasorn S.,Chatthanathon P.
Mokkhamakkul T.,Amornkitvikai Y.
